,energy,danceability,speechiness,acousticness,liveness,valence
0,0.8,0.714,0.0504,0.127,0.359,0.589
1,0.764,0.591,0.0483,0.0383,0.103,0.478
2,0.664,0.563,0.154,0.335,0.0849,0.688
3,0.897,0.808,0.0348,0.0469,0.364,0.591
4,0.704,0.736,0.0615,0.0203,0.0501,0.894
5,0.508,0.61,0.152,0.297,0.384,0.758
6,0.701,0.762,0.0286,0.235,0.123,0.742
7,0.718,0.78,0.0506,0.31,0.0932,0.342
8,0.648,0.644,0.118,0.276,0.135,0.44
9,0.608,0.75,0.0387,0.00165,0.178,0.958
10,0.825,0.702,0.0601,0.00883,0.0674,0.915
11,0.819,0.891,0.106,0.0261,0.173,0.768
12,0.741,0.702,0.0427,0.00544,0.337,0.646
13,0.696,0.677,0.119,0.321,0.42,0.464
14,0.459,0.759,0.0948,0.00323,0.0906,0.695
15,0.339,0.38,0.0338,0.691,0.12,0.0849
16,0.612,0.442,0.112,0.584,0.37,0.178
17,0.825,0.65,0.0325,0.0215,0.0936,0.593
18,0.655,0.743,0.159,0.114,0.0764,0.785
19,0.609,0.664,0.0707,0.304,0.0926,0.194
20,0.688,0.659,0.0673,0.207,0.113,0.632
21,0.488,0.855,0.208,0.506,0.347,0.619
22,0.431,0.561,0.0578,0.768,0.106,0.137
23,0.525,0.761,0.0944,0.44,0.0921,0.531
24,0.73,0.514,0.0598,0.00146,0.0897,0.334
25,0.443,0.395,0.133,0.765,0.0839,0.338
26,0.766,0.762,0.0343,0.00776,0.128,0.442
27,0.631,0.797,0.0786,0.0904,0.0998,0.288
28,0.862,0.824,0.126,0.0076,0.303,0.801
29,0.695,0.778,0.0913,0.175,0.15,0.472
30,0.616,0.586,0.0324,0.182,0.0927,0.719
31,0.796,0.666,0.103,0.0492,0.0442,0.61
32,0.272,0.369,0.0364,0.866,0.147,0.218
33,0.622,0.715,0.046,0.163,0.0948,0.808
34,0.816,0.548,0.0465,0.122,0.335,0.557
35,0.0,0.0,0.0,0.0,0.0,0.0
36,0.536,0.789,0.242,0.41,0.129,0.437
37,0.621,0.828,0.0565,0.0164,0.0845,0.436
38,0.71,0.816,0.0398,0.165,0.292,0.784
39,0.573,0.731,0.0544,0.401,0.113,0.145
40,0.541,0.85,0.0674,0.161,0.286,0.916
41,0.575,0.695,0.116,0.198,0.0614,0.699
42,0.809,0.813,0.0846,0.102,0.377,0.646
43,0.765,0.746,0.0993,0.0112,0.0936,0.737
44,0.62,0.798,0.232,0.414,0.112,0.235
45,0.784,0.595,0.102,0.216,0.0608,0.479
46,0.716,0.701,0.0361,0.174,0.324,0.732
47,0.513,0.729,0.0455,0.494,0.137,0.789
48,0.711,0.839,0.0473,0.398,0.118,0.573
49,0.463,0.855,0.0367,0.217,0.347,0.866
50,0.849,0.627,0.153,0.0913,0.145,0.818
51,0.522,0.75,0.0293,0.282,0.0743,0.601
52,0.373,0.765,0.0713,0.341,0.112,0.554
53,0.839,0.83,0.0699,0.00201,0.0353,0.59
54,0.738,0.721,0.0403,0.00226,0.118,0.637
55,0.941,0.345,0.0466,3.84e-05,0.0511,0.407
56,0.887,0.668,0.0564,0.369,0.257,0.907
57,0.455,0.54,0.224,0.675,0.12,0.432
58,0.676,0.713,0.027,0.0377,0.154,0.721
59,0.72,0.682,0.0381,0.326,0.148,0.673
60,0.693,0.95,0.0898,0.0133,0.173,0.891
61,0.784,0.669,0.112,0.194,0.115,0.517
62,0.526,0.672,0.0599,0.0311,0.28,0.28
63,0.825,0.65,0.0325,0.0215,0.0936,0.593
64,0.465,0.449,0.0791,0.524,0.303,0.543
65,0.793,0.793,0.083,0.0123,0.0951,0.679
66,0.782,0.708,0.0674,0.00772,0.107,0.484
67,0.807,0.612,0.0336,0.0495,0.101,0.398
68,0.77,0.762,0.223,0.138,0.15,0.631
69,0.405,0.501,0.0319,0.751,0.105,0.446
70,0.498,0.833,0.117,0.0493,0.119,0.259
71,0.512,0.829,0.187,0.492,0.12,0.638
72,0.706,0.635,0.125,0.256,0.108,0.443
73,0.899,0.77,0.0494,0.222,0.0894,0.851
74,0.681,0.727,0.0265,0.00214,0.0861,0.448
75,0.939,0.625,0.0669,0.00138,0.424,0.644
76,0.524,0.653,0.0502,0.112,0.203,0.553
77,0.546,0.727,0.0437,0.656,0.122,0.69
78,0.701,0.849,0.06,0.407,0.112,0.505
79,0.588,0.824,0.0924,0.692,0.149,0.513
80,0.413,0.662,0.0299,0.213,0.134,0.467
81,0.449,0.578,0.286,0.0618,0.119,0.1
82,0.948,0.694,0.0361,0.00936,0.139,0.705
83,0.667,0.659,0.0339,0.00173,0.1,0.468
84,0.593,0.841,0.0379,0.418,0.124,0.808
85,0.874,0.734,0.0662,0.168,0.0489,0.905
86,0.782,0.671,0.0341,0.0142,0.333,0.618
87,0.753,0.862,0.0625,0.131,0.077,0.827
88,0.573,0.797,0.319,0.159,0.144,0.445
89,0.329,0.45,0.0441,0.818,0.135,0.266
90,0.673,0.818,0.148,0.348,0.172,0.695
91,0.802,0.737,0.0878,0.468,0.0931,0.682
92,0.762,0.695,0.0395,0.192,0.0863,0.553
93,0.835,0.819,0.102,0.398,0.252,0.703
94,0.813,0.908,0.0777,0.305,0.278,0.924
95,0.72,0.915,0.0459,0.025,0.0942,0.631
96,0.764,0.824,0.0854,0.0888,0.117,0.881
97,0.83,0.39,0.0563,0.0021,0.156,0.191
98,0.519,0.871,0.258,0.313,0.0869,0.532
99,0.575,0.459,0.0573,0.604,0.0885,0.183
100,0.825,0.702,0.0601,0.00883,0.0674,0.915
101,0.426,0.386,0.0363,0.807,0.14,0.261
102,0.812,0.769,0.0825,0.281,0.0781,0.926
103,0.78,0.776,0.128,0.0622,0.081,0.666
104,0.66,0.799,0.079,0.256,0.111,0.471
105,0.606,0.523,0.0301,0.512,0.106,0.065
106,0.719,0.769,0.0474,0.0143,0.359,0.863
107,0.899,0.786,0.127,0.192,0.299,0.813
108,0.837,0.93,0.187,0.256,0.239,0.821
109,0.455,0.57,0.0996,0.441,0.0654,0.399
110,0.296,0.351,0.0333,0.934,0.095,0.12
111,0.479,0.76,0.0466,0.556,0.0703,0.913
112,0.434,0.663,0.0648,0.828,0.249,0.225
113,0.463,0.749,0.0842,0.21,0.338,0.189
114,0.96,0.733,0.0295,0.0514,0.287,0.811
115,0.731,0.526,0.0887,0.18,0.0891,0.476
116,0.652,0.825,0.0802,0.581,0.0931,0.931
117,0.54,0.759,0.0287,0.037,0.0945,0.75
118,0.634,0.658,0.0413,0.0106,0.132,0.29
119,0.448,0.599,0.0232,0.163,0.106,0.168
120,0.812,0.818,0.0475,0.112,0.234,0.844
121,0.618,0.856,0.286,0.0303,0.0866,0.391
122,0.69,0.746,0.164,0.247,0.101,0.497
123,0.425,0.357,0.0333,0.584,0.322,0.27
124,0.373,0.667,0.05,0.785,0.0906,0.0823
125,0.835,0.527,0.0433,0.0166,0.249,0.654
126,0.731,0.484,0.0379,0.431,0.151,0.51
127,0.912,0.502,0.0564,2.55e-05,0.106,0.72
128,0.259,0.638,0.0898,0.753,0.219,0.269
129,0.521,0.588,0.0329,0.0678,0.123,0.337
130,0.873,0.682,0.0449,0.402,0.0946,0.964
131,0.859,0.584,0.121,0.0144,0.847,0.369
132,0.327,0.775,0.0557,0.841,0.0821,0.595
133,0.537,0.445,0.04,0.695,0.0941,0.131
134,0.454,0.558,0.0551,0.499,0.146,0.424
135,0.664,0.566,0.0464,0.634,0.116,0.437
136,0.706,0.689,0.0312,0.0833,0.105,0.623
137,0.732,0.774,0.0308,0.108,0.243,0.734
138,0.795,0.868,0.269,0.0012,0.0461,0.819
139,0.788,0.766,0.312,0.105,0.142,0.609
140,0.534,0.39,0.0709,0.0807,0.184,0.244
141,0.402,0.392,0.0536,0.288,0.243,0.228
142,0.617,0.713,0.0887,0.122,0.0962,0.682
143,0.595,0.632,0.0401,0.0689,0.209,0.435
144,0.593,0.841,0.0379,0.418,0.124,0.808
145,0.855,0.734,0.135,0.0821,0.0901,0.54
146,0.815,0.871,0.0477,0.127,0.094,0.823
147,0.385,0.572,0.0308,0.371,0.231,0.323
148,0.717,0.672,0.226,0.103,0.398,0.473
149,0.861,0.631,0.0424,0.427,0.215,0.822
150,0.705,0.664,0.0382,0.0654,0.115,0.477
151,0.661,0.429,0.0281,0.00239,0.234,0.285
152,0.534,0.843,0.142,0.467,0.0984,0.528
153,0.899,0.667,0.0322,0.423,0.332,0.835
154,0.783,0.532,0.0523,0.0038,0.161,0.643
155,0.792,0.65,0.0393,0.607,0.92,0.872
156,0.66,0.808,0.0395,0.0358,0.138,0.804
157,0.548,0.709,0.353,0.65,0.133,0.543
158,0.277,0.521,0.0356,0.634,0.103,0.13
159,0.656,0.933,0.322,0.129,0.161,0.934
160,0.669,0.902,0.457,0.161,0.0728,0.628
161,0.566,0.511,0.2,0.349,0.34,0.218
162,0.393,0.907,0.0539,0.451,0.135,0.202
163,0.0,0.0,0.0,0.0,0.0,0.0
164,0.425,0.701,0.375,0.328,0.1,0.562
165,0.594,0.476,0.135,0.0599,0.0785,0.314
166,0.586,0.823,0.2,0.114,0.193,0.347
167,0.203,0.473,0.102,0.941,0.126,0.419
168,0.454,0.935,0.375,0.0194,0.0824,0.357
169,0.924,0.356,0.0808,0.00101,0.0953,0.232
170,0.452,0.82,0.0348,0.543,0.0714,0.74
171,0.492,0.828,0.0276,0.0644,0.128,0.789
172,0.557,0.358,0.059,0.695,0.0902,0.494
173,0.576,0.74,0.146,0.0249,0.104,0.315
174,0.67,0.716,0.101,0.526,0.13,0.411
175,0.608,0.675,0.103,0.336,0.11,0.728
176,0.431,0.726,0.135,0.731,0.696,0.348
177,0.759,0.595,0.0423,0.141,0.172,0.515
178,0.528,0.933,0.162,0.112,0.163,0.756
179,0.625,0.792,0.0536,0.00776,0.329,0.37
180,0.771,0.676,0.0483,0.0237,0.102,0.569
181,0.25,0.422,0.0351,0.441,0.35,0.246
182,0.76,0.649,0.0574,0.114,0.317,0.843
183,0.625,0.765,0.0548,0.584,0.112,0.262
184,0.264,0.422,0.0322,0.922,0.132,0.331
185,0.534,0.832,0.253,0.345,0.165,0.116
186,0.805,0.548,0.351,0.212,0.408,0.648
187,0.766,0.84,0.136,0.00302,0.0684,0.402
188,0.564,0.585,0.0515,0.0671,0.135,0.137
189,0.655,0.436,0.0583,0.499,0.688,0.412
190,0.878,0.638,0.0484,0.0151,0.308,0.481
191,0.494,0.592,0.0747,0.237,0.13,0.231
192,0.317,0.778,0.334,0.592,0.0881,0.327
193,0.767,0.571,0.287,0.336,0.0809,0.605
194,0.448,0.525,0.0443,0.14,0.0922,0.527
195,0.72,0.789,0.218,0.223,0.129,0.664
196,0.467,0.43,0.051,0.775,0.0933,0.382
197,0.403,0.643,0.41,0.343,0.138,0.111
198,0.502,0.961,0.312,0.28,0.145,0.536
199,0.661,0.949,0.0572,0.0302,0.0454,0.76
200,0.686,0.662,0.332,0.251,0.349,0.678
201,0.672,0.563,0.0765,0.359,0.0972,0.284
202,0.527,0.437,0.465,0.185,0.153,0.701
203,0.581,0.628,0.188,0.46,0.152,0.259
204,0.589,0.912,0.2,0.0332,0.0795,0.486
205,0.684,0.356,0.0878,0.152,0.101,0.347
206,0.623,0.441,0.0414,0.135,0.14,0.285
207,0.667,0.723,0.351,0.256,0.261,0.396
208,0.653,0.493,0.0466,0.269,0.511,0.852
209,0.531,0.787,0.101,0.132,0.112,0.721
210,0.674,0.883,0.357,0.21,0.0678,0.73
211,0.724,0.654,0.355,0.106,0.655,0.717
212,0.517,0.83,0.333,0.399,0.0916,0.616
213,0.844,0.477,0.0458,0.00273,0.137,0.203
214,0.751,0.88,0.0874,0.177,0.106,0.884
215,0.336,0.671,0.241,0.705,0.0577,0.518
216,0.556,0.741,0.0266,0.0629,0.103,0.587
217,0.56,0.626,0.0288,0.148,0.109,0.229
218,0.36,0.601,0.0877,0.586,0.0882,0.335
219,0.707,0.792,0.0623,0.116,0.12,0.408
220,0.732,0.542,0.0521,0.00209,0.496,0.489
221,0.588,0.722,0.0544,0.0319,0.183,0.59
222,0.716,0.566,0.0424,0.00691,0.37,0.45
223,0.71,0.816,0.0398,0.165,0.292,0.784
224,0.544,0.823,0.0715,0.0215,0.0966,0.664
225,0.474,0.784,0.0524,0.333,0.278,0.64
226,0.298,0.443,0.0644,0.388,0.103,0.172
227,0.922,0.624,0.0439,0.3,0.112,0.884
228,0.909,0.688,0.0624,0.0474,0.0674,0.702
229,0.463,0.893,0.36,0.199,0.318,0.591
230,0.889,0.434,0.0509,0.395,0.273,0.845
231,0.674,0.76,0.0636,0.396,0.0977,0.735
232,0.918,0.583,0.0518,0.288,0.0701,0.836
233,0.712,0.807,0.1,0.532,0.163,0.792
234,0.739,0.704,0.112,0.328,0.0856,0.425
235,0.524,0.748,0.0338,0.414,0.111,0.661
236,0.893,0.375,0.0406,0.000509,0.187,0.434
237,0.717,0.652,0.0581,0.0694,0.0906,0.377
238,0.615,0.683,0.0966,0.222,0.154,0.45
239,0.708,0.532,0.0505,0.435,0.107,0.586
240,0.571,0.827,0.366,0.0195,0.166,0.62
241,0.424,0.352,0.0394,0.733,0.0664,0.141
242,0.727,0.477,0.286,0.000866,0.108,0.227
243,0.608,0.647,0.42,0.13,0.0584,0.474
244,0.47,0.735,0.1,0.266,0.32,0.897
245,0.284,0.632,0.0801,0.932,0.233,0.208
246,0.669,0.871,0.329,0.0113,0.0795,0.806
247,0.648,0.719,0.125,0.2,0.127,0.66
248,0.908,0.606,0.0565,0.556,0.19,0.798
249,0.67,0.781,0.0452,0.0103,0.0761,0.595
250,0.795,0.646,0.0976,0.0319,0.267,0.796
251,0.537,0.823,0.209,0.176,0.123,0.615
252,0.736,0.733,0.111,0.028,0.131,0.669
253,0.524,0.783,0.0554,0.241,0.271,0.839
254,0.532,0.548,0.0323,0.186,0.217,0.405
255,0.762,0.386,0.564,0.122,0.527,0.433
256,0.586,0.62,0.212,0.155,0.535,0.487
257,0.75,0.371,0.402,0.601,0.482,0.729
258,0.845,0.703,0.337,0.169,0.122,0.745
259,0.652,0.468,0.0722,0.333,0.55,0.39
260,0.635,0.467,0.154,0.314,0.844,0.51
261,0.855,0.685,0.438,0.329,0.301,0.46
262,0.469,0.665,0.13,0.565,0.219,0.142
263,0.866,0.454,0.391,0.121,0.167,0.518
264,0.655,0.912,0.162,0.315,0.0894,0.793
265,0.712,0.555,0.323,0.0451,0.182,0.555
266,0.814,0.766,0.0733,0.044,0.195,0.481
267,0.862,0.733,0.197,0.374,0.131,0.536
268,0.538,0.927,0.116,0.0312,0.0945,0.221
269,0.707,0.619,0.0499,0.0366,0.13,0.558
270,0.531,0.678,0.0374,0.126,0.377,0.176
271,0.764,0.527,0.322,0.016,0.0273,0.829
272,0.693,0.571,0.0545,0.00536,0.173,0.393
273,0.481,0.767,0.0803,0.234,0.269,0.761
274,0.809,0.813,0.0846,0.102,0.377,0.646
275,0.756,0.725,0.0572,0.362,0.103,0.828
276,0.435,0.783,0.0588,0.282,0.0833,0.512
277,0.802,0.624,0.311,0.0597,0.252,0.818
278,0.656,0.861,0.425,0.104,0.0986,0.331
279,0.587,0.597,0.137,0.0622,0.214,0.0753
280,0.391,0.872,0.242,0.469,0.297,0.437
281,0.645,0.479,0.302,0.135,0.0825,0.381
282,0.586,0.896,0.0559,0.104,0.79,0.642
283,0.893,0.722,0.0475,0.0441,0.0673,0.439
284,0.922,0.641,0.0786,0.0291,0.0862,0.847
285,0.538,0.686,0.0345,0.181,0.113,0.584
286,0.675,0.731,0.0434,0.00473,0.141,0.298
287,0.843,0.637,0.0432,0.0151,0.0876,0.434
288,0.427,0.598,0.0317,0.0546,0.21,0.0605
289,0.729,0.73,0.0884,0.167,0.349,0.467
290,0.518,0.761,0.134,0.244,0.107,0.522
291,0.733,0.66,0.0359,0.248,0.17,0.304
292,0.611,0.585,0.288,0.39,0.649,0.962
293,0.864,0.556,0.0584,0.00958,0.209,0.4
294,0.521,0.692,0.33,0.301,0.0565,0.463
295,0.73,0.834,0.222,0.00513,0.124,0.446
296,0.635,0.617,0.0317,0.0498,0.164,0.446
297,0.695,0.691,0.0367,0.0592,0.0647,0.514
298,0.629,0.847,0.102,0.0318,0.152,0.109
299,0.563,0.752,0.209,0.146,0.103,0.551
300,0.563,0.506,0.411,0.0326,0.0856,0.153
301,0.706,0.766,0.16,0.223,0.064,0.766
302,0.623,0.917,0.135,0.0985,0.0833,0.687
303,0.934,0.614,0.07,0.0697,0.121,0.436
304,0.719,0.831,0.235,0.514,0.0675,0.859
305,0.485,0.965,0.191,0.0206,0.0655,0.312
306,0.712,0.734,0.201,0.391,0.103,0.674
307,0.629,0.87,0.279,0.173,0.101,0.512
308,0.34,0.889,0.0697,0.218,0.055,0.716
309,0.637,0.811,0.0591,0.234,0.118,0.471
310,0.668,0.75,0.061,0.78,0.338,0.786
311,0.828,0.507,0.0449,0.00711,0.261,0.489
312,0.636,0.551,0.054,0.0837,0.112,0.148
313,0.466,0.522,0.458,0.331,0.11,0.459
314,0.855,0.672,0.0397,0.021,0.323,0.646
315,0.65,0.596,0.337,0.138,0.14,0.188
316,0.831,0.591,0.0355,0.235,0.0571,0.678
317,0.65,0.596,0.337,0.138,0.14,0.188
318,0.836,0.584,0.079,0.0558,0.0663,0.484
319,0.713,0.725,0.187,0.127,0.617,0.207
320,0.659,0.807,0.332,0.0224,0.309,0.438
321,0.485,0.887,0.2,0.0392,0.141,0.328
322,0.632,0.736,0.0648,0.18,0.349,0.503
323,0.838,0.448,0.0557,0.21,0.131,0.254
324,0.678,0.363,0.0995,0.0299,0.324,0.321
325,0.666,0.863,0.152,0.212,0.103,0.838
326,0.398,0.964,0.0795,0.00151,0.101,0.563
327,0.73,0.924,0.274,0.0525,0.113,0.848
328,0.789,0.81,0.0498,0.0254,0.104,0.432
329,0.529,0.671,0.307,0.0769,0.0856,0.203
330,0.545,0.663,0.036,0.123,0.106,0.344
331,0.862,0.645,0.0965,0.0923,0.192,0.798
332,0.725,0.747,0.363,0.551,0.0626,0.904
333,0.745,0.808,0.342,0.145,0.292,0.829
334,0.554,0.774,0.0383,0.207,0.132,0.349
335,0.495,0.864,0.037,0.591,0.0992,0.72
336,0.704,0.673,0.36,0.196,0.0898,0.372
337,0.62,0.852,0.227,0.359,0.101,0.744
338,0.574,0.77,0.106,0.0617,0.104,0.104
339,0.387,0.429,0.0753,0.000178,0.142,0.41
340,0.709,0.499,0.134,0.296,0.331,0.314
341,0.337,0.447,0.0631,0.773,0.298,0.603
342,0.856,0.588,0.0316,0.000818,0.238,0.635
343,0.89,0.687,0.0344,0.00396,0.0436,0.854
344,0.793,0.713,0.397,0.271,0.727,0.203
345,0.867,0.573,0.168,0.0853,0.38,0.231
346,0.955,0.571,0.105,0.00254,0.274,0.437
347,0.737,0.527,0.0642,0.05,0.105,0.499
348,0.814,0.847,0.152,0.0825,0.0948,0.711
349,0.625,0.583,0.277,0.506,0.196,0.516
350,0.594,0.781,0.0485,0.0136,0.162,0.0628
351,0.571,0.597,0.293,0.492,0.093,0.165
352,0.929,0.637,0.0491,0.00167,0.344,0.902
353,0.365,0.534,0.033,0.81,0.158,0.237
354,0.639,0.808,0.279,0.0802,0.15,0.395
355,0.749,0.636,0.0631,0.195,0.107,0.653
356,0.621,0.798,0.0391,0.0141,0.0926,0.443
357,0.664,0.7,0.0394,0.306,0.249,0.585
358,0.759,0.699,0.311,0.0814,0.312,0.404
359,0.647,0.711,0.0822,0.334,0.312,0.227
360,0.74,0.769,0.378,0.197,0.171,0.692
361,0.632,0.618,0.346,0.0526,0.353,0.319
362,0.703,0.563,0.0702,0.126,0.213,0.294
363,0.587,0.597,0.137,0.0622,0.214,0.0753
364,0.469,0.655,0.0292,0.173,0.0956,0.467
365,0.748,0.83,0.162,0.354,0.0992,0.523
366,0.788,0.739,0.0731,0.0513,0.282,0.473
367,0.856,0.495,0.0311,0.000219,0.103,0.609
368,0.267,0.567,0.0299,0.839,0.089,0.0592
369,0.83,0.828,0.047,0.348,0.0613,0.422
370,0.837,0.824,0.107,0.573,0.271,0.58
371,0.8,0.773,0.0987,0.0613,0.0327,0.842
372,0.239,0.631,0.0398,0.864,0.116,0.0927
373,0.744,0.72,0.12,0.237,0.255,0.619
374,0.473,0.464,0.129,0.866,0.109,0.604
375,0.721,0.757,0.0691,0.00196,0.647,0.364
376,0.674,0.883,0.357,0.21,0.0678,0.73
377,0.225,0.704,0.0994,0.901,0.106,0.243
378,0.655,0.664,0.0461,0.059,0.17,0.13
379,0.819,0.553,0.257,0.368,0.0915,0.761
380,0.511,0.81,0.164,0.12,0.0832,0.837
381,0.415,0.813,0.0349,0.777,0.131,0.667
382,0.609,0.676,0.481,0.0706,0.152,0.508
383,0.739,0.863,0.153,0.0289,0.0931,0.547
384,0.613,0.65,0.128,0.00336,0.267,0.0804
385,0.689,0.728,0.0725,0.293,0.109,0.431
386,0.796,0.808,0.0305,0.462,0.155,0.799
387,0.789,0.788,0.124,0.397,0.226,0.867
388,0.814,0.625,0.0657,0.0172,0.158,0.535
389,0.692,0.685,0.0457,0.328,0.153,0.578
390,0.789,0.686,0.126,0.322,0.4,0.822
391,0.734,0.748,0.124,0.524,0.0975,0.368
392,0.701,0.89,0.342,0.00306,0.0895,0.505
393,0.848,0.517,0.0521,0.00581,0.214,0.429
394,0.56,0.8,0.261,0.057,0.134,0.45
395,0.444,0.877,0.172,0.24,0.169,0.658
396,0.604,0.732,0.0443,0.0112,0.219,0.732
397,0.607,0.311,0.11,0.0174,0.131,0.286
398,0.817,0.66,0.0521,0.162,0.0667,0.714
399,0.103,0.484,0.0627,0.979,0.0895,0.194
400,0.548,0.503,0.164,0.0751,0.145,0.441
401,0.512,0.538,0.0262,0.22,0.101,0.12
402,0.538,0.759,0.384,0.151,0.126,0.831
403,0.575,0.88,0.163,0.415,0.109,0.671
404,0.821,0.823,0.166,0.31,0.143,0.791
405,0.543,0.595,0.038,0.127,0.0975,0.109
406,0.422,0.615,0.0504,0.604,0.112,0.185
407,0.593,0.841,0.0379,0.418,0.124,0.808
408,0.491,0.399,0.0538,0.0563,0.11,0.151
409,0.509,0.443,0.0536,0.615,0.472,0.69
410,0.485,0.311,0.0365,0.701,0.0726,0.225
411,0.383,0.652,0.0516,0.0676,0.0828,0.549
412,0.719,0.667,0.0346,0.00285,0.0736,0.717
413,0.613,0.74,0.145,0.258,0.123,0.473
414,0.576,0.616,0.0532,0.0723,0.375,0.269
415,0.559,0.782,0.0767,0.125,0.385,0.685
416,0.28,0.612,0.0434,0.932,0.088,0.387
417,0.758,0.772,0.0482,0.0433,0.295,0.654
418,0.637,0.734,0.141,0.0462,0.0602,0.648
419,0.621,0.953,0.221,0.017,0.0398,0.883
420,0.703,0.851,0.303,0.00949,0.0895,0.596
421,0.792,0.627,0.031,0.13,0.0845,0.415
422,0.763,0.758,0.0768,0.23,0.0703,0.854
423,0.932,0.593,0.0526,0.302,0.133,0.913
424,0.574,0.392,0.17,0.833,0.145,0.529
425,0.631,0.691,0.0368,0.0483,0.104,0.8
426,0.324,0.641,0.0299,0.698,0.328,0.273
427,0.646,0.754,0.317,0.152,0.108,0.429
428,0.773,0.632,0.0346,0.0623,0.0885,0.474
429,0.741,0.569,0.0282,0.0122,0.333,0.43
430,0.899,0.761,0.183,0.0135,0.0719,0.673
431,0.646,0.559,0.0272,0.116,0.32,0.289
432,0.732,0.402,0.0484,0.0033,0.108,0.472
433,0.496,0.589,0.0377,0.818,0.101,0.44
434,0.571,0.788,0.0296,0.106,0.0934,0.797
435,0.517,0.423,0.0486,0.369,0.177,0.366
436,0.821,0.598,0.0447,0.0231,0.143,0.673
437,0.626,0.506,0.0287,0.156,0.228,0.321
438,0.577,0.88,0.302,0.0564,0.201,0.74
439,0.608,0.588,0.0365,0.225,0.092,0.508
440,0.909,0.578,0.0628,0.0222,0.333,0.541
441,0.444,0.506,0.0285,0.0538,0.123,0.241
442,0.891,0.574,0.157,0.0847,0.16,0.707
443,0.771,0.793,0.0959,0.0337,0.284,0.835
444,0.473,0.563,0.0503,0.514,0.109,0.405
445,0.373,0.609,0.0263,0.849,0.0779,0.13
446,0.634,0.737,0.0424,0.345,0.111,0.528
447,0.64,0.413,0.0427,0.273,0.11,0.149
448,0.377,0.647,0.0375,0.594,0.0768,0.653
449,0.472,0.652,0.0399,0.158,0.121,0.24
450,0.647,0.905,0.107,0.0187,0.282,0.367
451,0.671,0.714,0.362,0.289,0.325,0.641
452,0.711,0.789,0.041,0.0332,0.0876,0.753
453,0.333,0.495,0.0288,0.737,0.112,0.37
454,0.45,0.597,0.0418,0.223,0.382,0.537
455,0.922,0.527,0.0728,0.00475,0.422,0.49
456,0.823,0.676,0.102,0.242,0.0773,0.907
457,0.613,0.397,0.0549,0.0396,0.192,0.405
458,0.756,0.739,0.0394,0.0136,0.37,0.523
459,0.741,0.601,0.0478,0.185,0.415,0.441
460,0.228,0.509,0.0332,0.92,0.104,0.586
461,0.723,0.904,0.26,0.0631,0.185,0.835
462,0.902,0.573,0.054,0.018,0.0928,0.876
463,0.72,0.862,0.0379,0.487,0.0604,0.965
464,0.0,0.0,0.0,0.0,0.0,0.0
465,0.659,0.664,0.0873,0.0625,0.0874,0.797
466,0.633,0.677,0.0771,0.0314,0.112,0.409
467,0.444,0.583,0.0456,0.593,0.353,0.167
468,0.715,0.803,0.298,0.295,0.0574,0.574
469,0.761,0.714,0.0427,0.139,0.241,0.906
470,0.724,0.79,0.0852,0.0696,0.113,0.642
471,0.648,0.444,0.0476,0.288,0.059,0.171
472,0.637,0.77,0.345,0.103,0.171,0.431
473,0.823,0.676,0.102,0.242,0.0773,0.907
474,0.85,0.738,0.0642,0.105,0.23,0.865
475,0.629,0.728,0.0318,0.00196,0.0847,0.71
476,0.587,0.679,0.276,0.141,0.137,0.486
477,0.701,0.659,0.164,0.0882,0.0866,0.623
478,0.794,0.764,0.0589,0.663,0.34,0.721
479,0.584,0.759,0.06,0.0652,0.16,0.374
480,0.833,0.714,0.0259,0.00249,0.298,0.663
481,0.263,0.493,0.0351,0.926,0.0879,0.158
482,0.621,0.763,0.066,0.0105,0.106,0.582
483,0.276,0.334,0.0643,0.877,0.113,0.429
484,0.739,0.691,0.229,0.422,0.11,0.884
485,0.526,0.813,0.125,0.105,0.11,0.608
486,0.457,0.824,0.0543,0.167,0.041,0.95
487,0.396,0.391,0.189,0.702,0.315,0.199
488,0.713,0.878,0.0948,0.0581,0.0822,0.615
489,0.641,0.787,0.315,0.101,0.07,0.437
490,0.741,0.616,0.0426,0.00251,0.307,0.431
491,0.646,0.723,0.102,0.0206,0.0994,0.443
492,0.512,0.716,0.0331,0.483,0.0928,0.326
493,0.922,0.632,0.0794,0.00558,0.0927,0.497
494,0.677,0.845,0.136,0.269,0.108,0.68
495,0.76,0.504,0.0426,0.286,0.151,0.64
496,0.673,0.787,0.159,0.264,0.0904,0.779
497,0.457,0.592,0.0603,0.661,0.146,0.225
498,0.74,0.64,0.0284,0.0115,0.167,0.785
499,0.819,0.773,0.118,0.428,0.0679,0.585
500,0.602,0.48,0.368,0.487,0.0848,0.269
501,0.903,0.52,0.042,0.00517,0.254,0.652
502,0.727,0.668,0.027,0.514,0.1,0.939
503,0.761,0.812,0.0812,0.0465,0.0601,0.344
504,0.912,0.637,0.308,0.352,0.0657,0.451
505,0.834,0.615,0.0667,0.105,0.157,0.341
506,0.744,0.751,0.177,0.152,0.252,0.634
507,0.37,0.53,0.0279,0.806,0.112,0.701
508,0.636,0.641,0.0414,0.289,0.125,0.285
509,0.737,0.817,0.102,0.046,0.092,0.67
510,0.529,0.784,0.0742,0.683,0.118,0.246
511,0.705,0.779,0.163,0.00471,0.0971,0.196
512,0.686,0.905,0.0664,0.0907,0.266,0.963
513,0.828,0.798,0.193,0.0247,0.121,0.6
514,0.471,0.585,0.0616,0.0967,0.115,0.323
515,0.797,0.611,0.0533,0.00543,0.26,0.518
516,0.639,0.628,0.0435,0.00162,0.354,0.493
517,0.709,0.47,0.0299,0.00124,0.302,0.247
518,0.708,0.698,0.0454,0.0251,0.124,0.322
519,0.723,0.823,0.229,0.311,0.0998,0.505
520,0.598,0.719,0.077,0.232,0.115,0.303
521,0.656,0.807,0.105,0.0165,0.0693,0.89
522,0.601,0.621,0.148,0.0522,0.46,0.457
523,0.52,0.585,0.0712,0.124,0.131,0.129
524,0.296,0.761,0.0484,0.551,0.134,0.579
525,0.488,0.752,0.0705,0.297,0.0936,0.533
526,0.6,0.883,0.37,0.114,0.0931,0.691
527,0.546,0.806,0.0575,0.3,0.102,0.874
528,0.619,0.744,0.039,0.598,0.231,0.641
529,0.379,0.614,0.0476,0.607,0.0986,0.201
530,0.0,0.0,0.0,0.0,0.0,0.0
531,0.565,0.806,0.113,0.47,0.0824,0.311
532,0.65,0.793,0.397,0.371,0.854,0.809
533,0.637,0.333,0.0581,0.131,0.149,0.132
534,0.457,0.557,0.0335,0.428,0.0567,0.328
535,0.756,0.794,0.136,0.11,0.247,0.775
536,0.61,0.679,0.0305,0.585,0.156,0.554
537,0.674,0.749,0.0366,0.0209,0.169,0.711
538,0.513,0.806,0.0685,0.217,0.217,0.503
539,0.775,0.734,0.0614,0.186,0.123,0.72
540,0.742,0.789,0.0652,0.0681,0.166,0.661
541,0.675,0.798,0.0442,0.0912,0.0894,0.842
542,0.706,0.715,0.195,0.496,0.106,0.522
543,0.655,0.65,0.405,0.25,0.0691,0.735
544,0.788,0.766,0.312,0.105,0.142,0.609
545,0.637,0.848,0.156,0.0413,0.0521,0.698
546,0.816,0.709,0.0346,0.685,0.146,0.921
547,0.537,0.921,0.0804,0.556,0.102,0.711
548,0.445,0.781,0.0295,0.474,0.184,0.591
549,0.454,0.834,0.201,0.321,0.114,0.837
550,0.291,0.659,0.0348,0.405,0.0771,0.406
551,0.774,0.674,0.0892,0.0686,0.393,0.33
552,0.893,0.375,0.0406,0.000509,0.187,0.434
553,0.57,0.734,0.133,0.847,0.112,0.689
554,0.674,0.697,0.0533,0.00215,0.138,0.198
555,0.243,0.343,0.0777,0.721,0.0668,0.032
556,0.844,0.575,0.072,0.00172,0.114,0.277
557,0.769,0.705,0.0425,0.113,0.105,0.583
558,0.563,0.668,0.0522,0.0493,0.119,0.305
559,0.593,0.461,0.0356,0.17,0.307,0.175
560,0.814,0.705,0.0346,0.00115,0.203,0.259
561,0.558,0.859,0.0902,0.659,0.124,0.357
562,0.859,0.15,0.0595,0.00201,0.387,0.354
563,0.665,0.664,0.0879,0.123,0.411,0.726
564,0.561,0.885,0.249,0.261,0.121,0.644
565,0.746,0.537,0.15,0.0236,0.156,0.252
566,0.534,0.487,0.0555,0.36,0.1,0.173
567,0.586,0.553,0.0362,0.697,0.0813,0.443
568,0.437,0.957,0.359,0.00402,0.219,0.616
569,0.525,0.854,0.214,0.819,0.146,0.63
570,0.535,0.807,0.349,0.191,0.125,0.925
571,0.615,0.539,0.252,0.173,0.144,0.493
572,0.659,0.635,0.116,0.242,0.105,0.34
573,0.43,0.376,0.0328,0.0902,0.0912,0.129
574,0.663,0.834,0.133,0.235,0.372,0.774
575,0.657,0.505,0.0318,0.373,0.126,0.252
576,0.715,0.815,0.207,0.3,0.091,0.786
577,0.737,0.817,0.102,0.046,0.092,0.67
578,0.613,0.72,0.0572,0.185,0.155,0.857
579,0.54,0.657,0.0287,0.662,0.123,0.625
580,0.479,0.659,0.2,0.152,0.268,0.0395
581,0.582,0.945,0.0719,0.114,0.103,0.907
582,0.667,0.653,0.0423,0.154,0.107,0.556
583,0.413,0.98,0.101,0.671,0.17,0.764
584,0.683,0.811,0.241,0.46,0.128,0.571
585,0.24,0.462,0.0377,0.92,0.113,0.32
586,0.578,0.755,0.145,0.316,0.25,0.581
587,0.631,0.613,0.12,0.0663,0.169,0.33
588,0.784,0.695,0.0402,0.0889,0.0843,0.52
589,0.726,0.655,0.0796,0.334,0.232,0.766
590,0.502,0.956,0.213,0.0593,0.238,0.795
591,0.69,0.637,0.0405,0.00786,0.124,0.457
592,0.707,0.654,0.0664,0.00559,0.0873,0.448
593,0.806,0.728,0.0623,0.0531,0.153,0.698
594,0.479,0.868,0.445,0.703,0.102,0.776
595,0.537,0.403,0.031,0.59,0.112,0.414
596,0.584,0.532,0.0248,0.723,0.101,0.367
597,0.786,0.466,0.0328,0.417,0.125,0.571
598,0.411,0.584,0.0838,0.869,0.0955,0.412
599,0.697,0.665,0.154,0.427,0.599,0.556
600,0.618,0.49,0.104,0.0221,0.259,0.286
601,0.869,0.62,0.0462,0.615,0.131,0.597
602,0.664,0.633,0.0294,0.46,0.108,0.268
603,0.937,0.582,0.0858,0.449,0.684,0.939
604,0.701,0.79,0.365,0.0317,0.0311,0.91
605,0.633,0.63,0.0457,0.00776,0.0541,0.452
606,0.693,0.868,0.181,0.0597,0.106,0.396
607,0.79,0.599,0.386,0.0213,0.0778,0.528
608,0.613,0.546,0.0264,0.418,0.103,0.535
609,0.525,0.878,0.0578,0.183,0.0714,0.694
610,0.707,0.934,0.0646,0.437,0.0628,0.961
611,0.792,0.687,0.0452,0.191,0.167,0.671
612,0.865,0.563,0.16,0.0472,0.77,0.601
613,0.836,0.843,0.0695,0.0816,0.0532,0.65
614,0.914,0.599,0.0629,0.5,0.694,0.831
615,0.556,0.712,0.0531,0.084,0.527,0.22
616,0.526,0.598,0.0415,0.129,0.14,0.529
617,0.88,0.657,0.102,0.121,0.463,0.769
618,0.937,0.614,0.115,0.00161,0.103,0.386
619,0.627,0.336,0.0384,0.164,0.0708,0.35
620,0.478,0.735,0.0293,0.189,0.355,0.947
621,0.621,0.525,0.116,0.0489,0.294,0.591
622,0.472,0.589,0.0502,0.614,0.505,0.898
623,0.424,0.754,0.0363,0.643,0.0652,0.806
624,0.214,0.339,0.0375,0.908,0.341,0.363
625,0.598,0.24,0.0369,0.766,0.117,0.776
626,0.812,0.509,0.0537,0.00128,0.214,0.689
627,0.831,0.513,0.0383,0.55,0.336,0.963
628,0.24,0.451,0.0351,0.912,0.175,0.701
629,0.259,0.652,0.0595,0.903,0.362,0.836
630,0.56,0.657,0.0467,0.498,0.0794,0.854
631,0.772,0.529,0.0287,0.403,0.316,0.853
632,0.642,0.599,0.0363,0.164,0.0992,0.349
633,0.511,0.774,0.0319,0.322,0.0672,0.771
634,0.465,0.647,0.0428,0.865,0.0882,0.699
635,0.64,0.321,0.0324,0.28,0.718,0.414
636,0.0,0.0,0.0,0.0,0.0,0.0
637,0.21,0.319,0.0341,0.92,0.138,0.209
638,0.158,0.317,0.0381,0.673,0.338,0.247
639,0.661,0.885,0.141,0.165,0.334,0.436
640,0.375,0.683,0.0303,0.579,0.076,0.888
641,0.551,0.271,0.0457,0.582,0.256,0.428
642,0.904,0.534,0.0369,0.129,0.128,0.96
643,0.27,0.465,0.0425,0.9,0.145,0.58
644,0.876,0.647,0.185,0.881,0.26,0.949
645,0.776,0.691,0.0341,0.458,0.33,0.961
646,0.391,0.685,0.0435,0.744,0.142,0.443
647,0.276,0.724,0.0599,0.76,0.116,0.718
648,0.759,0.325,0.053,0.395,0.0773,0.36
649,0.925,0.526,0.0363,0.102,0.305,0.819
650,0.589,0.619,0.124,0.43,0.378,0.158
651,0.953,0.632,0.0325,0.317,0.125,0.798
652,0.62,0.752,0.0509,0.309,0.075,0.962
653,0.841,0.666,0.0312,0.613,0.113,0.84
654,0.0,0.0,0.0,0.0,0.0,0.0
655,0.496,0.295,0.0327,0.207,0.858,0.224
656,0.178,0.438,0.0414,0.957,0.316,0.344
657,0.814,0.547,0.12,0.0215,0.0475,0.724
658,0.843,0.669,0.0268,0.169,0.195,0.702
659,0.572,0.583,0.0366,0.738,0.266,0.684
660,0.571,0.725,0.102,0.0183,0.0519,0.61
661,0.596,0.654,0.0458,0.424,0.11,0.382
662,0.87,0.635,0.04,0.0156,0.118,0.912
663,0.869,0.835,0.27,0.248,0.462,0.82
664,0.305,0.59,0.032,0.894,0.14,0.545
665,0.389,0.594,0.0517,0.785,0.0313,0.396
666,0.476,0.553,0.0649,0.647,0.281,0.558
667,0.434,0.575,0.0312,0.735,0.105,0.348
668,0.712,0.583,0.0538,0.263,0.817,0.614
669,0.139,0.7,0.0607,0.902,0.185,0.49
670,0.106,0.418,0.0448,0.994,0.179,0.8
671,0.462,0.512,0.0408,0.83,0.121,0.353
672,0.7,0.545,0.0323,0.0982,0.1,0.799
673,0.181,0.341,0.0366,0.888,0.137,0.212
674,0.196,0.469,0.0571,0.882,0.0513,0.537
675,0.668,0.357,0.0479,0.362,0.727,0.407
676,0.813,0.638,0.0362,0.464,0.344,0.754
677,0.553,0.602,0.0328,0.108,0.0512,0.971
678,0.771,0.619,0.0601,0.0318,0.114,0.704
679,0.37,0.542,0.0257,0.318,0.108,0.289
680,0.201,0.478,0.0332,0.919,0.0854,0.857
681,0.103,0.607,0.0404,0.804,0.076,0.341
682,0.339,0.512,0.0498,0.727,0.0977,0.951
683,0.938,0.648,0.115,0.0339,0.0564,0.849
684,0.246,0.566,0.0276,0.813,0.195,0.412
685,0.378,0.364,0.0331,0.47,0.339,0.366
686,0.645,0.634,0.0376,0.292,0.246,0.677
687,0.497,0.604,0.0319,0.727,0.102,0.72
688,0.68,0.598,0.0331,0.06,0.324,0.437
689,0.608,0.774,0.128,0.128,0.0895,0.56
690,0.939,0.643,0.0463,0.104,0.881,0.756
691,0.361,0.316,0.0488,0.878,0.0797,0.221
692,0.289,0.612,0.0421,0.599,0.0561,0.466
693,0.444,0.485,0.195,0.373,0.0969,0.777
694,0.334,0.559,0.0376,0.87,0.114,0.211
695,0.545,0.515,0.0353,0.855,0.0921,0.535
696,0.488,0.605,0.0264,0.696,0.129,0.354
697,0.537,0.537,0.0617,0.819,0.142,0.292
698,0.27,0.39,0.0308,0.937,0.111,0.32
699,0.73,0.546,0.0417,0.66,0.0972,0.573
700,0.517,0.604,0.0347,0.768,0.123,0.511
701,0.561,0.535,0.0484,0.876,0.115,0.287
702,0.704,0.689,0.245,0.835,0.134,0.92
703,0.724,0.39,0.0889,0.162,0.393,0.312
704,0.758,0.646,0.0708,0.556,0.335,0.0642
705,0.727,0.589,0.0866,0.239,0.164,0.52
706,0.621,0.64,0.0679,0.67,0.36,0.332
707,0.61,0.786,0.0558,0.379,0.0765,0.228
708,0.647,0.636,0.0381,0.247,0.113,0.416
709,0.581,0.625,0.0316,0.553,0.254,0.267
710,0.881,0.688,0.0474,0.0947,0.0804,0.677
711,0.513,0.331,0.632,0.972,0.882,0.42
712,0.459,0.464,0.0314,0.365,0.117,0.0786
713,0.581,0.613,0.0424,0.537,0.25,0.551
714,0.703,0.703,0.133,0.605,0.12,0.697
715,0.885,0.592,0.0807,0.0505,0.0843,0.731
716,0.694,0.49,0.0618,0.0133,0.0946,0.249
717,0.723,0.904,0.26,0.0631,0.185,0.835
718,0.597,0.763,0.0416,0.158,0.111,0.194
719,0.606,0.887,0.324,0.000407,0.151,0.272
720,0.642,0.672,0.0313,0.0981,0.1,0.494
721,0.605,0.547,0.0415,0.42,0.125,0.364
722,0.621,0.738,0.0486,0.424,0.692,0.715
723,0.829,0.607,0.379,0.0103,0.107,0.685
724,0.727,0.643,0.0389,0.0439,0.123,0.295
725,0.74,0.487,0.0944,0.157,0.612,0.522
726,0.798,0.668,0.0334,0.00305,0.277,0.575
727,0.745,0.721,0.0366,0.151,0.372,0.699
728,0.725,0.86,0.249,0.0464,0.0994,0.375
729,0.861,0.762,0.0652,0.139,0.0956,0.588
730,0.522,0.716,0.0582,0.166,0.113,0.224
731,0.549,0.693,0.0577,0.505,0.324,0.473
732,0.561,0.612,0.0851,0.0601,0.145,0.393
733,0.656,0.636,0.0676,0.451,0.287,0.439
734,0.412,0.43,0.0281,0.2,0.324,0.0508
735,0.511,0.774,0.0319,0.322,0.0672,0.771
736,0.526,0.764,0.212,0.0484,0.0718,0.588
737,0.669,0.787,0.0428,0.00782,0.123,0.57
738,0.845,0.731,0.132,0.0132,0.0782,0.484
739,0.693,0.582,0.0465,0.114,0.13,0.341
740,0.908,0.58,0.0341,0.000335,0.087,0.427
741,0.523,0.764,0.0406,0.777,0.352,0.962
742,0.756,0.551,0.0652,0.0511,0.0765,0.618
743,0.606,0.807,0.088,0.0946,0.119,0.304
744,0.321,0.703,0.884,0.864,0.908,0.544
745,0.882,0.755,0.0532,0.125,0.103,0.606
746,0.705,0.779,0.0344,0.369,0.124,0.946
747,0.667,0.839,0.031,0.322,0.244,0.878
748,0.673,0.723,0.137,0.0985,0.323,0.302
749,0.483,0.88,0.0505,0.0185,0.0607,0.827
750,0.0,0.0,0.0,0.0,0.0,0.0
751,0.681,0.846,0.174,0.0461,0.112,0.809
752,0.682,0.791,0.158,0.175,0.0926,0.672
753,0.426,0.762,0.113,0.0442,0.0858,0.582
754,0.685,0.694,0.133,0.224,0.124,0.306
755,0.556,0.701,0.0414,0.00886,0.106,0.333
756,0.598,0.758,0.0868,0.16,0.295,0.658
757,0.512,0.574,0.0503,0.234,0.0946,0.512
758,0.708,0.848,0.0366,0.153,0.0948,0.926
759,0.626,0.819,0.202,0.00748,0.167,0.415
760,0.683,0.682,0.0287,0.156,0.273,0.64
761,0.63,0.654,0.0259,0.153,0.111,0.43
762,0.433,0.762,0.187,0.143,0.118,0.394
763,0.782,0.793,0.0582,0.447,0.124,0.81
764,0.431,0.728,0.0622,0.749,0.0996,0.629
765,0.658,0.752,0.342,0.0421,0.0927,0.387
766,0.626,0.727,0.0726,0.0469,0.126,0.322
767,0.787,0.66,0.032,0.00257,0.323,0.199
768,0.666,0.763,0.194,0.153,0.301,0.587
769,0.574,0.758,0.217,0.216,0.144,0.706
770,0.563,0.866,0.108,0.185,0.0889,0.307
771,0.522,0.411,0.0981,0.519,0.398,0.382
772,0.51,0.782,0.0419,0.143,0.115,0.118
773,0.824,0.448,0.057,0.0739,0.113,0.419
774,0.611,0.746,0.101,0.454,0.133,0.411
775,0.532,0.94,0.358,0.12,0.0925,0.599
776,0.97,0.808,0.0506,0.0569,0.154,0.868
777,0.343,0.695,0.0432,0.0743,0.107,0.229
778,0.607,0.719,0.165,0.08,0.125,0.464
779,0.63,0.316,0.117,0.471,0.205,0.313
780,0.765,0.691,0.111,0.464,0.203,0.855
781,0.235,0.498,0.188,0.72,0.144,0.0895
782,0.341,0.928,0.103,0.0614,0.162,0.745
783,0.65,0.487,0.0253,0.191,0.0933,0.456
784,0.0,0.0,0.0,0.0,0.0,0.0
785,0.479,0.515,0.0261,0.544,0.191,0.284
786,0.819,0.838,0.211,0.285,0.224,0.656
787,0.285,0.456,0.0979,0.814,0.307,0.0809
788,0.808,0.684,0.061,0.0518,0.0858,0.712
789,0.599,0.552,0.0404,0.0703,0.0986,0.0916
790,0.462,0.499,0.0312,0.801,0.0946,0.599
791,0.506,0.772,0.139,0.0814,0.182,0.456
792,0.642,0.779,0.116,0.0383,0.2,0.388
793,0.716,0.752,0.0325,0.254,0.243,0.553
794,0.741,0.764,0.101,0.239,0.107,0.802
795,0.796,0.754,0.139,0.062,0.204,0.62
796,0.667,0.647,0.304,0.231,0.133,0.704
797,0.647,0.688,0.19,0.00815,0.095,0.195
798,0.526,0.686,0.0374,0.0815,0.144,0.372
799,0.672,0.624,0.106,0.0967,0.155,0.26
800,0.648,0.64,0.187,0.124,0.0802,0.548
801,0.851,0.611,0.0598,0.229,0.232,0.823
802,0.692,0.629,0.0376,0.00981,0.603,0.453
803,0.595,0.652,0.117,0.15,0.0836,0.421
804,0.516,0.739,0.0539,0.67,0.151,0.434
805,0.573,0.688,0.208,0.0686,0.0749,0.553
806,0.455,0.688,0.199,0.186,0.0794,0.557
807,0.887,0.764,0.0744,0.0816,0.847,0.72
808,0.52,0.741,0.0656,0.45,0.222,0.347
809,0.624,0.658,0.0915,0.171,0.116,0.314
810,0.726,0.666,0.0262,0.486,0.0892,0.468
811,0.913,0.574,0.133,0.061,0.156,0.423
812,0.604,0.91,0.082,0.448,0.0863,0.807
813,0.638,0.868,0.0736,0.146,0.0931,0.459
814,0.771,0.793,0.0959,0.0337,0.284,0.835
815,0.699,0.835,0.277,0.00671,0.195,0.547
816,0.662,0.653,0.162,0.00465,0.0626,0.674
817,0.675,0.724,0.0867,0.0978,0.351,0.325
818,0.653,0.717,0.0658,0.229,0.101,0.412
819,0.635,0.894,0.0473,0.193,0.0823,0.428
820,0.657,0.703,0.0783,0.139,0.093,0.455
821,0.837,0.743,0.0649,0.0172,0.0743,0.263
822,0.537,0.716,0.0514,0.233,0.157,0.28
823,0.678,0.696,0.0735,0.582,0.134,0.346
824,0.545,0.479,0.0688,0.365,0.0963,0.243
825,0.729,0.68,0.0475,0.612,0.224,0.446
826,0.586,0.58,0.0357,0.344,0.0755,0.507
827,0.319,0.556,0.0281,0.893,0.0996,0.294
828,0.463,0.732,0.0287,0.374,0.194,0.397
829,0.685,0.885,0.0627,0.33,0.148,0.937
830,0.64,0.686,0.159,0.0334,0.0801,0.597
831,0.865,0.569,0.266,0.0673,0.312,0.361
832,0.939,0.901,0.274,0.117,0.0643,0.805
833,0.633,0.804,0.0612,0.0371,0.102,0.67
834,0.867,0.737,0.0458,0.0398,0.32,0.506
835,0.509,0.776,0.467,0.192,0.115,0.485
836,0.492,0.483,0.295,0.603,0.323,0.66
837,0.758,0.86,0.0695,0.021,0.344,0.453
838,0.249,0.303,0.111,0.97,0.117,0.131
839,0.458,0.825,0.0577,0.114,0.102,0.161
840,0.631,0.824,0.0809,0.237,0.0531,0.678
841,0.186,0.708,0.042,0.868,0.0779,0.322
842,0.308,0.736,0.0677,0.946,0.186,0.361
843,0.434,0.535,0.0505,0.405,0.253,0.271
844,0.631,0.863,0.0534,0.305,0.123,0.817
845,0.733,0.847,0.16,0.00574,0.151,0.202
846,0.418,0.637,0.301,0.353,0.131,0.0807
847,0.875,0.654,0.0744,0.000417,0.194,0.522
848,0.568,0.799,0.25,0.387,0.0892,0.963
849,0.737,0.793,0.0785,0.0765,0.0747,0.697
850,0.454,0.696,0.153,0.123,0.155,0.136
851,0.733,0.825,0.0969,0.349,0.112,0.62
852,0.793,0.635,0.0322,0.000647,0.113,0.281
853,0.706,0.774,0.355,0.00163,0.104,0.382
854,0.582,0.714,0.0808,0.0129,0.0774,0.338
855,0.532,0.831,0.301,0.0652,0.464,0.364
856,0.671,0.821,0.18,0.00843,0.0972,0.494
857,0.709,0.697,0.298,0.041,0.0886,0.439
858,0.549,0.832,0.0602,0.168,0.11,0.384
859,0.818,0.785,0.099,0.624,0.149,0.0503
860,0.703,0.823,0.298,0.0161,0.294,0.26
861,0.683,0.839,0.165,0.00667,0.241,0.522
862,0.399,0.63,0.178,0.105,0.234,0.0657
863,0.635,0.849,0.254,0.000608,0.062,0.798
864,0.631,0.482,0.0986,0.696,0.209,0.0743
865,0.373,0.48,0.0278,0.804,0.12,0.0376
866,0.749,0.528,0.0479,0.00488,0.0949,0.729
867,0.617,0.616,0.52,0.128,0.177,0.476
868,0.858,0.533,0.0766,0.00021,0.148,0.506
869,0.533,0.738,0.0492,0.183,0.115,0.262
870,0.613,0.781,0.0524,0.0399,0.0976,0.613
871,0.65,0.552,0.128,0.422,0.372,0.316
872,0.415,0.74,0.0707,0.242,0.319,0.156
873,0.696,0.954,0.204,0.00576,0.0754,0.432
874,0.776,0.656,0.0672,0.16,0.372,0.638
875,0.547,0.668,0.0353,0.398,0.0931,0.192
876,0.0,0.0,0.0,0.0,0.0,0.0
877,0.884,0.612,0.0454,0.0759,0.247,0.679
878,0.65,0.701,0.104,0.291,0.112,0.647
879,0.77,0.691,0.0367,0.0282,0.497,0.344
880,0.579,0.801,0.0813,0.333,0.172,0.231
881,0.723,0.904,0.26,0.0631,0.185,0.835
882,0.531,0.716,0.122,0.0703,0.224,0.344
883,0.517,0.761,0.0927,0.114,0.157,0.46
884,0.832,0.697,0.0298,0.168,0.269,0.979
885,0.768,0.848,0.0373,0.0412,0.195,0.777
886,0.479,0.783,0.541,0.149,0.101,0.533
887,0.656,0.745,0.203,0.0604,0.11,0.405
888,0.39,0.521,0.128,0.582,0.112,0.157
889,0.38,0.298,0.0287,0.778,0.11,0.152
890,0.625,0.706,0.0314,0.0417,0.129,0.225
891,0.622,0.747,0.0838,0.176,0.151,0.57
892,0.586,0.664,0.238,0.212,0.216,0.589
893,0.449,0.735,0.347,0.629,0.113,0.0397
894,0.688,0.611,0.341,0.0264,0.251,0.393
895,0.844,0.647,0.0457,0.0137,0.102,0.746
896,0.773,0.681,0.148,0.019,0.11,0.429
897,0.641,0.648,0.0389,0.00565,0.109,0.505
898,0.706,0.72,0.0473,0.0684,0.166,0.62
899,0.636,0.759,0.0369,0.0224,0.166,0.536
900,0.516,0.679,0.0452,0.199,0.0965,0.716
901,0.567,0.485,0.0388,0.316,0.0949,0.157
902,0.727,0.629,0.0499,0.0647,0.138,0.132
903,0.468,0.817,0.287,0.233,0.0905,0.237
904,0.678,0.861,0.0536,0.253,0.106,0.723
905,0.542,0.926,0.293,0.135,0.0877,0.564
906,0.814,0.774,0.0584,0.204,0.118,0.254
907,0.545,0.459,0.0282,0.142,0.105,0.194
908,0.955,0.707,0.222,0.127,0.202,0.575
909,0.569,0.767,0.216,0.00988,0.109,0.524
910,0.7,0.682,0.0397,0.406,0.174,0.637
911,0.743,0.822,0.28,0.016,0.127,0.636
912,0.82,0.676,0.0554,0.0493,0.615,0.618
913,0.63,0.948,0.219,0.00647,0.0737,0.425
914,0.911,0.776,0.131,0.155,0.268,0.56
915,0.443,0.433,0.0361,0.0922,0.117,0.0363
916,0.39,0.565,0.0556,0.817,0.126,0.708
917,0.799,0.581,0.164,0.0419,0.11,0.662
918,0.857,0.676,0.0438,0.0215,0.254,0.717
919,0.71,0.935,0.158,0.0769,0.173,0.635
920,0.525,0.676,0.028,0.617,0.356,0.421
921,0.357,0.777,0.0522,0.757,0.108,0.172
922,0.716,0.721,0.0657,0.0334,0.237,0.667
923,0.607,0.88,0.0777,0.195,0.15,0.823
924,0.664,0.75,0.154,0.275,0.0632,0.617
925,0.794,0.676,0.0366,0.0513,0.0723,0.161
926,0.854,0.824,0.177,0.016,0.117,0.896
927,0.603,0.653,0.171,0.175,0.18,0.551
928,0.591,0.802,0.225,0.0104,0.196,0.309
929,0.58,0.763,0.144,0.0466,0.154,0.608
930,0.796,0.694,0.0565,0.48,0.108,0.515
931,0.87,0.752,0.0623,0.0604,0.489,0.784
932,0.443,0.874,0.241,0.147,0.124,0.298
933,0.631,0.474,0.343,0.0687,0.132,0.425
934,0.863,0.889,0.0757,0.289,0.0798,0.776
935,0.66,0.799,0.079,0.256,0.111,0.471
936,0.644,0.744,0.0641,0.229,0.204,0.577
937,0.817,0.583,0.0987,0.118,0.338,0.438
938,0.474,0.691,0.0583,0.569,0.099,0.381
939,0.446,0.63,0.0351,0.337,0.166,0.177
940,0.549,0.843,0.164,0.0948,0.155,0.542
941,0.619,0.805,0.0771,0.218,0.114,0.476
942,0.623,0.532,0.0331,0.538,0.0925,0.403
943,0.628,0.666,0.0623,0.144,0.189,0.767
944,0.545,0.809,0.0735,0.392,0.151,0.244
945,0.634,0.723,0.0542,0.0892,0.0787,0.582
946,0.457,0.686,0.0468,0.595,0.105,0.718
947,0.854,0.596,0.463,0.0169,0.124,0.152
948,0.662,0.686,0.0413,0.467,0.109,0.706
949,0.655,0.808,0.139,0.0373,0.208,0.56
950,0.263,0.456,0.0332,0.806,0.0749,0.111
951,0.26,0.904,0.101,0.277,0.121,0.231
952,0.673,0.752,0.153,0.0538,0.133,0.35
953,0.624,0.613,0.206,0.496,0.283,0.804
954,0.826,0.68,0.27,0.562,0.254,0.804
955,0.69,0.627,0.139,0.033,0.0742,0.627
956,0.781,0.849,0.159,0.406,0.0801,0.893
957,0.528,0.899,0.181,0.000554,0.105,0.456
958,0.64,0.813,0.272,0.269,0.131,0.488
959,0.766,0.677,0.0568,0.0219,0.129,0.198
960,0.452,0.653,0.055,0.838,0.108,0.45
961,0.678,0.693,0.0324,0.0151,0.101,0.404
962,0.629,0.827,0.185,0.183,0.084,0.486
963,0.744,0.867,0.227,0.268,0.0713,0.645
964,0.539,0.829,0.208,0.136,0.103,0.388
965,0.413,0.553,0.0334,0.687,0.0594,0.379
966,0.488,0.596,0.0274,0.9,0.091,0.415
967,0.476,0.515,0.0328,0.314,0.171,0.412
968,0.377,0.593,0.0253,0.6,0.0976,0.502
969,0.679,0.709,0.346,0.0115,0.0971,0.754
970,0.31,0.559,0.0338,0.881,0.106,0.46
971,0.716,0.688,0.0385,0.0969,0.0989,0.373
972,0.541,0.841,0.229,0.0186,0.123,0.42
973,0.704,0.79,0.417,0.069,0.113,0.212
974,0.848,0.758,0.0457,0.21,0.114,0.706
975,0.741,0.843,0.334,0.0252,0.096,0.68
976,0.699,0.592,0.0471,0.655,0.114,0.506
977,0.267,0.354,0.0281,0.731,0.0858,0.113
978,0.272,0.647,0.0916,0.918,0.0918,0.339
979,0.676,0.808,0.223,0.0618,0.11,0.0763
980,0.507,0.819,0.0881,0.482,0.105,0.634
981,0.526,0.882,0.237,0.118,0.0835,0.182
982,0.742,0.773,0.162,0.00198,0.558,0.35
983,0.181,0.662,0.0415,0.966,0.133,0.429
984,0.55,0.868,0.226,0.183,0.109,0.464
985,0.553,0.614,0.169,0.0306,0.203,0.161
986,0.857,0.641,0.301,0.013,0.0695,0.961
987,0.909,0.853,0.229,0.0522,0.129,0.803
988,0.637,0.848,0.156,0.0413,0.0521,0.698
989,0.598,0.818,0.113,0.0573,0.634,0.331
990,0.696,0.881,0.0797,0.137,0.0927,0.781
991,0.372,0.358,0.0464,0.81,0.0877,0.16
992,0.663,0.732,0.192,0.0819,0.115,0.227
993,0.764,0.692,0.113,0.574,0.106,0.564
994,0.723,0.6,0.158,0.109,0.167,0.463
995,0.5,0.745,0.135,0.439,0.0943,0.433
996,0.787,0.726,0.0737,0.009,0.0596,0.888
997,0.528,0.824,0.175,0.144,0.104,0.32
998,0.76,0.66,0.0787,0.291,0.632,0.394
999,0.452,0.654,0.0439,0.17,0.114,0.532
1000,0.545,0.567,0.0448,0.168,0.112,0.234
1001,0.327,0.903,0.0877,0.26,0.108,0.274
1002,0.618,0.59,0.334,0.0127,0.244,0.153
1003,0.663,0.6,0.0477,0.225,0.119,0.286
1004,0.786,0.62,0.167,0.143,0.46,0.679
1005,0.375,0.752,0.204,0.533,0.175,0.591
1006,0.665,0.661,0.053,0.538,0.0981,0.486
1007,0.695,0.621,0.0911,0.00584,0.086,0.298
1008,0.67,0.707,0.257,0.0813,0.098,0.235
1009,0.671,0.652,0.0756,0.0222,0.107,0.274
1010,0.528,0.595,0.0935,0.082,0.142,0.515
1011,0.543,0.575,0.0529,0.102,0.176,0.283
1012,0.638,0.288,0.0779,0.133,0.14,0.147
1013,0.642,0.745,0.287,0.0204,0.0658,0.226
1014,0.745,0.801,0.063,0.398,0.153,0.245
1015,0.542,0.874,0.344,0.0621,0.181,0.481
1016,0.848,0.685,0.0858,0.0861,0.0783,0.761
1017,0.422,0.744,0.294,0.0319,0.11,0.493
1018,0.619,0.878,0.102,0.0533,0.113,0.639
1019,0.787,0.88,0.118,0.226,0.12,0.588
1020,0.808,0.786,0.0882,0.0846,0.0822,0.609
1021,0.672,0.654,0.311,0.471,0.0781,0.343
1022,0.536,0.85,0.0599,0.267,0.0996,0.505
1023,0.514,0.687,0.0897,0.366,0.116,0.494
1024,0.499,0.831,0.114,0.269,0.3,0.511
1025,0.498,0.879,0.18,0.239,0.0967,0.405
1026,0.653,0.548,0.081,0.456,0.103,0.163
1027,0.787,0.769,0.367,0.189,0.129,0.836
1028,0.668,0.883,0.113,0.11,0.0734,0.676
1029,0.528,0.307,0.108,0.972,0.222,0.58
1030,0.373,0.392,0.0968,0.991,0.545,0.519
1031,0.447,0.667,0.761,0.916,0.612,0.829
1032,0.783,0.751,0.22,0.0715,0.114,0.379
1033,0.847,0.67,0.409,0.184,0.304,0.381
1034,0.506,0.548,0.102,0.203,0.0788,0.557
1035,0.748,0.631,0.0488,0.212,0.537,0.351
1036,0.733,0.672,0.0566,0.00289,0.199,0.354
1037,0.746,0.614,0.196,0.347,0.0874,0.601
1038,0.377,0.605,0.0443,0.733,0.0808,0.519
1039,0.767,0.5,0.403,0.162,0.385,0.58
1040,0.39,0.843,0.0846,0.178,0.137,0.495
1041,0.616,0.739,0.0338,0.252,0.101,0.654
1042,0.605,0.713,0.107,0.497,0.115,0.432
1043,0.564,0.8,0.4,0.0287,0.112,0.318
1044,0.717,0.794,0.251,0.0511,0.195,0.372
1045,0.474,0.717,0.403,0.0509,0.139,0.448
1046,0.676,0.764,0.0927,0.389,0.215,0.461
1047,0.64,0.645,0.179,0.395,0.286,0.674
1048,0.579,0.944,0.191,0.0381,0.253,0.769
1049,0.762,0.831,0.207,0.0885,0.107,0.495
1050,0.479,0.868,0.445,0.703,0.102,0.776
1051,0.621,0.457,0.138,0.218,0.0944,0.634
1052,0.66,0.718,0.325,0.363,0.159,0.659
1053,0.603,0.9,0.0646,0.402,0.134,0.824
1054,0.579,0.816,0.0867,0.203,0.127,0.43
1055,0.786,0.806,0.0741,0.145,0.0935,0.58
1056,0.845,0.843,0.0503,0.35,0.0527,0.898
1057,0.822,0.605,0.0438,0.00671,0.147,0.288
1058,0.769,0.771,0.0694,0.18,0.345,0.931
1059,0.578,0.68,0.04,0.331,0.135,0.341
1060,0.748,0.5,0.0363,0.127,0.447,0.514
1061,0.555,0.824,0.05,0.00337,0.217,0.0611
1062,0.527,0.798,0.0447,0.227,0.108,0.548
1063,0.835,0.693,0.0624,0.131,0.073,0.744
1064,0.546,0.639,0.0407,0.0837,0.122,0.149
1065,0.641,0.585,0.133,0.0286,0.316,0.266
1066,0.654,0.771,0.298,0.055,0.214,0.573
1067,0.841,0.739,0.06,0.0312,0.173,0.562
1068,0.863,0.821,0.353,0.00824,0.0377,0.874
1069,0.797,0.589,0.15,0.0289,0.383,0.232
1070,0.734,0.842,0.0588,0.0427,0.106,0.952
1071,0.505,0.752,0.253,0.535,0.104,0.419
1072,0.904,0.579,0.0618,0.193,0.064,0.681
1073,0.502,0.831,0.046,0.101,0.122,0.101
1074,0.641,0.856,0.204,0.119,0.427,0.745
1075,0.625,0.929,0.14,0.289,0.386,0.578
1076,0.694,0.79,0.0708,0.145,0.281,0.508
1077,0.631,0.652,0.0893,0.524,0.165,0.35
1078,0.578,0.885,0.0783,0.0739,0.102,0.388
1079,0.835,0.763,0.191,0.323,0.225,0.645
1080,0.621,0.575,0.032,0.0392,0.141,0.27
1081,0.343,0.488,0.0436,0.556,0.21,0.0978
1082,0.541,0.851,0.0505,0.568,0.13,0.448
1083,0.83,0.772,0.0599,0.016,0.0843,0.697
1084,0.61,0.821,0.0959,0.0247,0.185,0.47
1085,0.451,0.884,0.393,0.0731,0.268,0.311
1086,0.836,0.498,0.184,0.525,0.0994,0.609
1087,0.916,0.735,0.117,0.397,0.0918,0.691
1088,0.572,0.698,0.198,0.135,0.154,0.391
1089,0.512,0.586,0.0668,0.723,0.119,0.235
1090,0.676,0.945,0.207,0.172,0.322,0.631
1091,0.672,0.57,0.0716,0.172,0.0768,0.461
1092,0.825,0.68,0.0702,0.00173,0.27,0.784
1093,0.749,0.806,0.328,0.0838,0.0621,0.77
1094,0.308,0.648,0.04,0.886,0.124,0.198
1095,0.744,0.677,0.0295,0.0404,0.074,0.631
1096,0.787,0.962,0.0554,0.666,0.176,0.968
1097,0.868,0.744,0.047,0.0326,0.0822,0.586
1098,0.799,0.606,0.0261,0.0128,0.15,0.638
1099,0.689,0.747,0.242,0.197,0.0884,0.75
1100,0.77,0.54,0.389,0.194,0.372,0.565
1101,0.704,0.703,0.0641,0.048,0.41,0.725
1102,0.491,0.788,0.109,0.386,0.107,0.271
1103,0.72,0.775,0.193,0.0236,0.114,0.49
1104,0.461,0.375,0.0279,0.627,0.386,0.233
1105,0.448,0.39,0.0276,0.8,0.107,0.077
1106,0.618,0.894,0.129,0.0808,0.558,0.379
1107,0.599,0.712,0.112,0.412,0.103,0.588
1108,0.672,0.886,0.188,0.0363,0.101,0.526
1109,0.728,0.794,0.114,0.121,0.227,0.36
1110,0.491,0.724,0.0296,0.018,0.0887,0.383
1111,0.557,0.652,0.0318,0.74,0.124,0.483
1112,0.7,0.43,0.264,0.0902,0.216,0.731
1113,0.565,0.534,0.307,0.0627,0.112,0.529
1114,0.542,0.509,0.442,0.019,0.23,0.151
1115,0.657,0.761,0.138,0.114,0.356,0.589
1116,0.674,0.501,0.0408,0.00346,0.282,0.152
1117,0.463,0.854,0.137,0.117,0.354,0.549
1118,0.703,0.879,0.0701,0.143,0.0569,0.788
1119,0.729,0.59,0.0893,0.321,0.659,0.712
1120,0.809,0.692,0.0602,0.524,0.147,0.864
1121,0.698,0.852,0.0629,0.00839,0.0773,0.324
1122,0.624,0.61,0.309,0.6,0.243,0.244
1123,0.632,0.691,0.0513,0.122,0.0646,0.488
1124,0.75,0.732,0.231,0.00264,0.109,0.401
1125,0.308,0.669,0.029,0.883,0.0984,0.52
1126,0.441,0.655,0.0629,0.474,0.099,0.273
1127,0.583,0.754,0.0432,0.32,0.144,0.77
1128,0.88,0.723,0.038,0.00334,0.0632,0.323
1129,0.927,0.731,0.0781,0.0228,0.187,0.478
1130,0.923,0.645,0.0725,0.364,0.14,0.323
1131,0.792,0.642,0.0488,0.158,0.68,0.0903
1132,0.804,0.669,0.036,0.0306,0.694,0.184
1133,0.878,0.658,0.123,0.00792,0.944,0.683
1134,0.853,0.743,0.04,0.0019,0.0872,0.422
1135,0.297,0.184,0.0359,0.473,0.527,0.113
1136,0.799,0.698,0.0342,0.0129,0.215,0.351
1137,0.297,0.184,0.0359,0.473,0.527,0.113
1138,0.826,0.668,0.0383,0.0236,0.474,0.388
1139,0.633,0.526,0.134,0.372,0.129,0.272
1140,0.0,0.0,0.0,0.0,0.0,0.0
1141,0.596,0.835,0.297,0.137,0.164,0.897
1142,0.649,0.803,0.132,0.163,0.152,0.584
1143,0.632,0.784,0.347,0.156,0.605,0.746
1144,0.617,0.836,0.0534,0.17,0.319,0.866
1145,0.606,0.804,0.242,0.137,0.111,0.247
1146,0.635,0.715,0.0791,0.127,0.0862,0.39
1147,0.645,0.811,0.104,0.184,0.103,0.474
1148,0.827,0.65,0.0599,0.0229,0.121,0.223
1149,0.586,0.837,0.0807,0.281,0.134,0.618
1150,0.731,0.679,0.0319,0.00518,0.0614,0.727
1151,0.455,0.89,0.255,0.0217,0.11,0.313
1152,0.793,0.485,0.426,0.251,0.146,0.371
1153,0.504,0.823,0.16,0.206,0.417,0.481
1154,0.653,0.548,0.081,0.456,0.103,0.163
1155,0.741,0.75,0.402,0.447,0.121,0.495
1156,0.827,0.715,0.0617,0.0485,0.321,0.75
1157,0.5,0.865,0.0861,0.0122,0.098,0.317
1158,0.877,0.521,0.0683,0.0132,0.0929,0.199
1159,0.869,0.676,0.0423,0.115,0.132,0.594
1160,0.585,0.591,0.0277,0.143,0.109,0.324
1161,0.541,0.686,0.0493,0.042,0.0675,0.724
1162,0.945,0.653,0.096,0.00561,0.439,0.326
1163,0.572,0.664,0.0305,0.0811,0.121,0.143
1164,0.628,0.763,0.05,0.0531,0.114,0.193
1165,0.464,0.742,0.0318,0.425,0.284,0.281
1166,0.693,0.747,0.298,0.102,0.0872,0.736
1167,0.8,0.554,0.0395,0.119,0.629,0.463
1168,0.757,0.722,0.0782,0.17,0.0657,0.763
1169,0.808,0.594,0.0489,0.415,0.565,0.919
1170,0.667,0.931,0.318,0.0144,0.15,0.667
1171,0.373,0.825,0.108,0.163,0.368,0.12
1172,0.526,0.768,0.209,0.237,0.139,0.473
1173,0.833,0.92,0.253,0.0277,0.0596,0.645
1174,0.937,0.794,0.0336,0.366,0.962,0.826
1175,0.584,0.814,0.0819,0.00839,0.0646,0.405
1176,0.52,0.829,0.294,0.0232,0.134,0.248
1177,0.581,0.828,0.0725,0.0378,0.103,0.843
1178,0.808,0.883,0.182,0.0313,0.207,0.806
1179,0.536,0.443,0.0378,0.0194,0.1,0.0391
1180,0.128,0.522,0.0357,0.894,0.0941,0.124
1181,0.727,0.869,0.123,0.0589,0.107,0.92
1182,0.656,0.856,0.131,0.165,0.0998,0.586
1183,0.569,0.565,0.379,0.0352,0.106,0.303
1184,0.764,0.779,0.0938,0.221,0.0909,0.675
1185,0.531,0.755,0.196,0.213,0.13,0.683
1186,0.65,0.719,0.232,0.381,0.167,0.488
1187,0.791,0.86,0.0568,0.169,0.106,0.887
1188,0.766,0.543,0.343,0.423,0.155,0.729
1189,0.406,0.572,0.0427,0.587,0.102,0.265
1190,0.791,0.574,0.11,0.419,0.0982,0.612
1191,0.789,0.487,0.044,0.00947,0.189,0.0564
1192,0.68,0.56,0.321,0.555,0.116,0.319
1193,0.441,0.655,0.0629,0.474,0.099,0.273
1194,0.682,0.477,0.0925,0.153,0.0763,0.345
1195,0.219,0.38,0.0358,0.917,0.0827,0.0517
1196,0.706,0.718,0.06,0.0128,0.352,0.815
1197,0.477,0.864,0.224,0.201,0.182,0.5
1198,0.506,0.812,0.116,0.281,0.325,0.554
1199,0.452,0.458,0.047,0.342,0.0703,0.316
1200,0.636,0.881,0.287,0.00606,0.111,0.715
1201,0.82,0.41,0.533,0.252,0.538,0.526
1202,0.824,0.473,0.163,0.482,0.605,0.374
1203,0.792,0.749,0.0826,0.292,0.109,0.239
1204,0.477,0.787,0.199,0.768,0.104,0.476
1205,0.57,0.551,0.351,0.28,0.424,0.505
1206,0.618,0.893,0.112,0.0827,0.542,0.389
1207,0.512,0.811,0.17,0.218,0.0768,0.346
1208,0.366,0.596,0.115,0.63,0.0554,0.229
1209,0.491,0.788,0.109,0.386,0.107,0.271
1210,0.624,0.836,0.184,0.187,0.138,0.7
1211,0.797,0.708,0.0391,0.4,0.096,0.51
1212,0.449,0.754,0.109,0.0332,0.552,0.357
1213,0.588,0.716,0.116,0.152,0.0847,0.707
1214,0.492,0.877,0.153,0.0136,0.0678,0.4
1215,0.7,0.929,0.0906,0.144,0.349,0.802
1216,0.72,0.816,0.0684,0.206,0.277,0.78
1217,0.538,0.453,0.0638,0.449,0.19,0.516
1218,0.628,0.8,0.285,0.103,0.391,0.745
1219,0.554,0.785,0.0409,0.283,0.116,0.144
1220,0.519,0.572,0.243,0.000415,0.129,0.704
1221,0.477,0.859,0.428,0.00414,0.0819,0.153
1222,0.696,0.775,0.0681,0.0559,0.157,0.775
1223,0.806,0.651,0.0311,0.00399,0.0927,0.386
1224,0.668,0.67,0.0422,0.536,0.133,0.608
1225,0.832,0.731,0.0503,0.273,0.0665,0.94
1226,0.768,0.657,0.0507,0.108,0.144,0.759
1227,0.759,0.803,0.0494,0.00509,0.0921,0.284
1228,0.706,0.87,0.126,0.0253,0.0872,0.593
1229,0.612,0.915,0.407,0.0944,0.115,0.758
1230,0.72,0.896,0.355,0.169,0.252,0.966
1231,0.578,0.932,0.366,0.115,0.115,0.623
1232,0.598,0.712,0.0388,0.0546,0.154,0.504
1233,0.766,0.68,0.0923,0.0411,0.116,0.28
1234,0.651,0.611,0.0589,0.144,0.105,0.351
1235,0.617,0.836,0.0534,0.17,0.319,0.866
1236,0.687,0.875,0.387,0.236,0.141,0.864
1237,0.787,0.735,0.16,0.667,0.0721,0.455
1238,0.518,0.815,0.0897,0.223,0.104,0.877
1239,0.547,0.464,0.339,0.0511,0.155,0.423
1240,0.823,0.775,0.0635,0.0881,0.309,0.65
1241,0.594,0.839,0.139,0.249,0.165,0.58
1242,0.712,0.628,0.156,0.282,0.156,0.45
1243,0.361,0.483,0.0738,0.832,0.098,0.307
1244,0.911,0.809,0.0617,0.00795,0.181,0.64
1245,0.511,0.528,0.0324,0.126,0.101,0.351
1246,0.389,0.733,0.0738,0.0513,0.141,0.244
1247,0.832,0.737,0.0798,0.12,0.255,0.865
1248,0.813,0.922,0.251,0.0198,0.0539,0.724
1249,0.589,0.534,0.325,0.256,0.176,0.632
1250,0.892,0.668,0.0645,0.298,0.735,0.478
1251,0.483,0.825,0.08,0.538,0.204,0.892
1252,0.561,0.664,0.0495,0.00261,0.0764,0.713
1253,0.62,0.722,0.0483,0.313,0.26,0.474
1254,0.612,0.882,0.118,0.0475,0.182,0.742
1255,0.608,0.467,0.0707,0.0909,0.125,0.108
1256,0.689,0.812,0.0619,0.181,0.0784,0.663
1257,0.602,0.882,0.245,0.0177,0.178,0.43
1258,0.474,0.906,0.194,0.0311,0.286,0.656
1259,0.519,0.812,0.0385,0.379,0.13,0.554
1260,0.785,0.469,0.0664,0.133,0.0931,0.79
1261,0.813,0.875,0.0579,0.00618,0.321,0.859
1262,0.701,0.68,0.0917,0.138,0.168,0.649
1263,0.498,0.504,0.0499,0.131,0.0929,0.196
1264,0.652,0.218,0.0641,0.033,0.172,0.0599
1265,0.486,0.768,0.0353,0.408,0.098,0.519
1266,0.783,0.82,0.0621,0.0158,0.0938,0.653
1267,0.556,0.761,0.364,0.138,0.0976,0.521
1268,0.863,0.638,0.132,0.052,0.685,0.226
1269,0.768,0.644,0.0455,0.174,0.469,0.598
1270,0.605,0.375,0.0729,0.612,0.147,0.128
1271,0.611,0.55,0.137,0.162,0.121,0.243
1272,0.524,0.404,0.0593,0.0456,0.199,0.168
1273,0.588,0.774,0.225,0.0386,0.258,0.392
1274,0.766,0.737,0.0458,0.31,0.114,0.662
1275,0.604,0.886,0.208,0.194,0.107,0.383
1276,0.75,0.631,0.0394,0.00388,0.286,0.593
1277,0.461,0.749,0.0416,0.0516,0.0738,0.42
1278,0.619,0.555,0.0314,0.0323,0.0917,0.141
1279,0.394,0.245,0.0374,0.423,0.093,0.148
1280,0.561,0.651,0.25,0.25,0.435,0.369
1281,0.709,0.849,0.0794,0.229,0.329,0.916
1282,0.911,0.795,0.0875,0.0157,0.131,0.8
1283,0.738,0.828,0.0516,0.0381,0.0917,0.818
1284,0.634,0.772,0.212,0.135,0.432,0.671
1285,0.676,0.855,0.325,0.0888,0.144,0.509
1286,0.726,0.723,0.0472,0.0564,0.057,0.962
1287,0.448,0.879,0.222,0.0346,0.224,0.278
1288,0.787,0.731,0.0721,0.0853,0.316,0.393
1289,0.582,0.816,0.341,0.0794,0.0916,0.542
1290,0.808,0.71,0.0433,0.44,0.0734,0.392
1291,0.646,0.726,0.0977,0.0495,0.112,0.58
1292,0.732,0.761,0.0549,0.092,0.0716,0.542
1293,0.558,0.65,0.0309,0.368,0.303,0.725
1294,0.525,0.617,0.12,0.554,0.135,0.377
1295,0.81,0.71,0.0854,0.117,0.154,0.184
1296,0.854,0.81,0.254,0.0732,0.123,0.879
1297,0.567,0.733,0.319,0.0129,0.382,0.319
1298,0.739,0.895,0.283,0.0183,0.102,0.763
1299,0.497,0.747,0.0401,0.248,0.138,0.0663
1300,0.535,0.903,0.286,0.0298,0.0851,0.157
1301,0.677,0.683,0.0469,0.0869,0.0998,0.514
1302,0.748,0.802,0.207,0.24,0.165,0.516
1303,0.398,0.487,0.0697,0.835,0.12,0.905
1304,0.787,0.802,0.0599,0.0832,0.153,0.446
1305,0.654,0.95,0.307,0.0744,0.138,0.886
1306,0.65,0.862,0.355,0.0207,0.568,0.658
1307,0.801,0.762,0.0409,0.2,0.254,0.81
1308,0.622,0.762,0.223,0.352,0.145,0.626
1309,0.598,0.55,0.0831,0.132,0.0955,0.543
1310,0.768,0.867,0.0791,0.18,0.254,0.34
1311,0.582,0.443,0.0482,0.0301,0.127,0.239
1312,0.607,0.76,0.0964,0.00277,0.132,0.709
1313,0.665,0.817,0.0758,0.0549,0.103,0.662
1314,0.629,0.816,0.226,0.133,0.0692,0.714
1315,0.586,0.71,0.381,0.248,0.193,0.207
1316,0.345,0.632,0.0349,0.551,0.104,0.0818
1317,0.563,0.929,0.49,0.000592,0.244,0.353
1318,0.601,0.837,0.198,0.21,0.0928,0.749
1319,0.683,0.786,0.205,0.173,0.706,0.57
1320,0.656,0.817,0.277,0.051,0.115,0.314
1321,0.547,0.858,0.29,0.213,0.104,0.303
1322,0.758,0.719,0.0851,0.137,0.129,0.49
1323,0.553,0.756,0.0343,0.404,0.158,0.597
1324,0.836,0.734,0.0735,0.017,0.179,0.623
1325,0.665,0.631,0.229,0.602,0.152,0.634
1326,0.368,0.826,0.133,0.516,0.0914,0.158
1327,0.684,0.668,0.0527,0.627,0.923,0.7
1328,0.599,0.741,0.419,0.00961,0.785,0.276
1329,0.771,0.748,0.15,0.101,0.135,0.792
1330,0.752,0.776,0.193,0.325,0.33,0.716
1331,0.757,0.775,0.175,0.162,0.148,0.562
1332,0.556,0.842,0.442,0.159,0.204,0.306
1333,0.768,0.702,0.0669,0.541,0.105,0.574
1334,0.703,0.734,0.355,0.237,0.413,0.608
1335,0.388,0.486,0.126,0.435,0.196,0.467
1336,0.719,0.803,0.392,0.344,0.425,0.549
1337,0.784,0.619,0.123,0.0326,0.315,0.471
1338,0.848,0.591,0.0828,0.137,0.372,0.386
1339,0.635,0.82,0.0772,0.409,0.244,0.528
1340,0.508,0.702,0.035,0.144,0.108,0.143
1341,0.436,0.788,0.364,0.0611,0.0979,0.341
1342,0.707,0.779,0.16,0.0991,0.0934,0.343
1343,0.563,0.716,0.0425,0.326,0.119,0.495
1344,0.733,0.599,0.203,0.176,0.242,0.534
1345,0.654,0.819,0.136,0.517,0.0996,0.455
1346,0.708,0.733,0.0937,0.0325,0.324,0.694
1347,0.686,0.867,0.221,0.311,0.1,0.658
1348,0.764,0.813,0.105,0.586,0.253,0.429
1349,0.621,0.857,0.0825,0.148,0.0865,0.668
1350,0.538,0.556,0.0382,0.0689,0.196,0.291
1351,0.558,0.806,0.0683,0.482,0.0618,0.678
1352,0.726,0.729,0.0422,0.223,0.101,0.876
1353,0.545,0.838,0.0706,0.208,0.103,0.631
1354,0.652,0.768,0.307,0.113,0.107,0.777
1355,0.45,0.746,0.0872,0.0407,0.172,0.336
1356,0.611,0.719,0.0403,0.0582,0.155,0.489
1357,0.678,0.807,0.177,0.0345,0.0986,0.21
1358,0.486,0.892,0.384,0.048,0.146,0.535
1359,0.552,0.823,0.324,0.0174,0.122,0.418
1360,0.762,0.781,0.0626,0.0222,0.121,0.86
1361,0.509,0.789,0.291,0.768,0.272,0.418
1362,0.715,0.795,0.0838,0.141,0.179,0.758
1363,0.798,0.713,0.219,0.366,0.246,0.721
1364,0.901,0.658,0.0357,0.0478,0.12,0.708
1365,0.457,0.881,0.156,0.0327,0.231,0.296
1366,0.539,0.907,0.36,0.0408,0.253,0.664
1367,0.781,0.817,0.112,0.00838,0.123,0.359
1368,0.566,0.81,0.433,0.107,0.122,0.582
1369,0.64,0.674,0.0339,0.151,0.0925,0.664
1370,0.714,0.701,0.524,0.289,0.0883,0.604
1371,0.739,0.573,0.0581,0.212,0.175,0.363
1372,0.679,0.742,0.0259,0.0488,0.0754,0.856
1373,0.791,0.639,0.253,0.0275,0.362,0.939
1374,0.671,0.771,0.0553,0.00929,0.0637,0.714
1375,0.815,0.727,0.153,0.0258,0.231,0.677
1376,0.783,0.795,0.0432,0.361,0.437,0.799
1377,0.459,0.619,0.0334,0.56,0.137,0.498
1378,0.624,0.715,0.114,0.11,0.123,0.412
1379,0.388,0.887,0.349,0.739,0.106,0.205
1380,0.667,0.643,0.152,0.0433,0.0904,0.485
1381,0.824,0.72,0.128,0.0394,0.0509,0.333
1382,0.548,0.566,0.0579,0.0802,0.11,0.196
1383,0.747,0.55,0.0407,0.0668,0.0536,0.648
1384,0.575,0.526,0.0309,0.225,0.108,0.19
1385,0.696,0.589,0.0725,0.017,0.0808,0.332
1386,0.646,0.703,0.0596,0.0104,0.191,0.64
1387,0.903,0.808,0.0958,0.0121,0.0993,0.473
1388,0.798,0.385,0.483,0.115,0.181,0.141
1389,0.84,0.661,0.116,0.00485,0.287,0.524
1390,0.755,0.814,0.0942,0.239,0.306,0.963
1391,0.757,0.711,0.29,0.268,0.367,0.724
1392,0.744,0.692,0.257,0.00868,0.359,0.0612
1393,0.444,0.726,0.372,0.283,0.177,0.569
1394,0.869,0.68,0.0589,0.178,0.223,0.924
1395,0.556,0.915,0.216,0.0145,0.0733,0.67
1396,0.644,0.73,0.132,0.0933,0.143,0.554
1397,0.656,0.873,0.068,0.00477,0.0726,0.546
1398,0.648,0.548,0.292,0.0842,0.123,0.232
1399,0.748,0.738,0.0453,0.182,0.109,0.896
1400,0.131,0.42,0.0382,0.953,0.109,0.12
1401,0.577,0.524,0.18,0.185,0.103,0.19
1402,0.627,0.904,0.222,0.0303,0.0923,0.236
1403,0.681,0.648,0.0378,0.263,0.0971,0.767
1404,0.443,0.764,0.0439,0.52,0.0749,0.63
1405,0.438,0.566,0.0367,0.809,0.212,0.692
1406,0.508,0.832,0.149,0.0492,0.107,0.75
1407,0.777,0.796,0.0567,0.0276,0.095,0.96
1408,0.603,0.774,0.0591,0.438,0.0869,0.977
1409,0.608,0.702,0.0359,0.0736,0.129,0.597
1410,0.848,0.664,0.0322,0.0245,0.172,0.502
1411,0.412,0.485,0.042,0.738,0.12,0.612
1412,0.315,0.438,0.0375,0.608,0.151,0.449
1413,0.633,0.677,0.0467,0.111,0.217,0.404
1414,0.494,0.465,0.066,0.49,0.127,0.457
1415,0.873,0.621,0.0369,0.0406,0.0824,0.873
1416,0.616,0.772,0.102,0.00337,0.104,0.279
1417,0.807,0.576,0.0374,0.0185,0.0963,0.479
1418,0.592,0.687,0.224,0.203,0.279,0.246
1419,0.437,0.639,0.0355,0.692,0.12,0.751
1420,0.612,0.53,0.0518,0.253,0.246,0.433
1421,0.921,0.771,0.109,0.166,0.119,0.56
1422,0.88,0.602,0.0354,0.057,0.284,0.493
1423,0.32,0.794,0.173,0.853,0.112,0.241
1424,0.351,0.853,0.241,0.39,0.752,0.282
1425,0.78,0.56,0.0517,0.00244,0.0714,0.602
1426,0.84,0.569,0.118,0.0295,0.0995,0.749
1427,0.304,0.375,0.0325,0.683,0.196,0.295
1428,0.534,0.683,0.189,0.519,0.148,0.284
1429,0.372,0.681,0.0432,0.64,0.169,0.476
1430,0.546,0.806,0.0575,0.3,0.102,0.874
1431,0.637,0.911,0.447,0.0409,0.238,0.66
1432,0.438,0.866,0.0719,0.177,0.0743,0.695
1433,0.785,0.609,0.0891,0.0502,0.171,0.756
1434,0.491,0.559,0.0346,0.0567,0.0992,0.114
1435,0.892,0.668,0.0645,0.298,0.735,0.478
1436,0.528,0.804,0.378,0.125,0.41,0.321
1437,0.508,0.832,0.149,0.0492,0.107,0.75
1438,0.759,0.78,0.225,0.462,0.143,0.579
1439,0.709,0.743,0.0879,0.0451,0.0809,0.831
1440,0.498,0.554,0.0685,0.23,0.795,0.413
1441,0.542,0.728,0.0514,0.259,0.136,0.637
1442,0.758,0.694,0.218,0.278,0.102,0.371
1443,0.666,0.664,0.0446,0.193,0.0854,0.405
1444,0.662,0.876,0.426,0.0608,0.127,0.844
1445,0.689,0.882,0.124,0.39,0.0501,0.746
1446,0.496,0.795,0.0722,0.108,0.0645,0.874
1447,0.408,0.679,0.0882,0.133,0.23,0.151
1448,0.4,0.9,0.127,0.0516,0.0599,0.346
1449,0.631,0.845,0.216,0.188,0.0806,0.545
1450,0.525,0.6,0.423,0.393,0.111,0.436
1451,0.86,0.737,0.0594,0.11,0.0574,0.656
1452,0.364,0.837,0.276,0.149,0.271,0.463
1453,0.79,0.725,0.197,0.0711,0.0602,0.763
1454,0.575,0.822,0.0934,0.113,0.106,0.616
1455,0.679,0.679,0.167,0.443,0.153,0.245
1456,0.637,0.794,0.339,0.028,0.0919,0.393
1457,0.731,0.801,0.383,0.188,0.111,0.537
1458,0.588,0.917,0.0607,0.195,0.0914,0.828
1459,0.592,0.746,0.0914,0.462,0.187,0.629
1460,0.583,0.667,0.0747,0.231,0.181,0.187
1461,0.669,0.642,0.0486,0.318,0.119,0.227
1462,0.828,0.737,0.0396,0.0149,0.0862,0.517
1463,0.824,0.778,0.0707,0.284,0.405,0.758
1464,0.498,0.74,0.0456,0.0169,0.319,0.652
1465,0.496,0.889,0.0905,0.259,0.252,0.544
1466,0.83,0.61,0.0571,0.033,0.118,0.728
1467,0.594,0.703,0.0752,0.342,0.123,0.475
1468,0.412,0.483,0.0402,0.737,0.116,0.247
1469,0.586,0.796,0.147,0.0247,0.132,0.179
1470,0.547,0.932,0.333,0.0388,0.0924,0.695
1471,0.623,0.671,0.308,0.00998,0.643,0.195
1472,0.82,0.68,0.151,0.0614,0.597,0.243
1473,0.553,0.742,0.419,0.389,0.0694,0.508
1474,0.684,0.668,0.0527,0.627,0.923,0.7
1475,0.752,0.852,0.0597,0.0169,0.394,0.389
1476,0.703,0.784,0.236,0.0973,0.0754,0.556
1477,0.748,0.661,0.206,0.175,0.254,0.509
1478,0.747,0.707,0.279,0.307,0.183,0.491
1479,0.731,0.742,0.306,0.0851,0.131,0.547
1480,0.564,0.753,0.251,0.114,0.359,0.55
1481,0.448,0.933,0.136,0.0253,0.104,0.737
1482,0.798,0.594,0.0844,0.115,0.143,0.381
1483,0.712,0.777,0.277,0.217,0.091,0.68
1484,0.642,0.59,0.122,0.0771,0.105,0.651
1485,0.767,0.72,0.214,0.0387,0.202,0.595
1486,0.637,0.847,0.367,0.0258,0.382,0.511
1487,0.503,0.699,0.0882,0.391,0.0996,0.0546
1488,0.33,0.677,0.149,0.474,0.064,0.336
1489,0.747,0.756,0.046,0.0048,0.588,0.0687
1490,0.36,0.831,0.052,0.136,0.0703,0.601
1491,0.745,0.848,0.221,0.0949,0.0796,0.516
1492,0.493,0.871,0.205,0.0134,0.385,0.0495
1493,0.805,0.779,0.178,0.018,0.321,0.557
1494,0.966,0.458,0.384,0.14,0.11,0.356
1495,0.899,0.747,0.246,0.1,0.486,0.581
1496,0.362,0.779,0.0474,0.135,0.111,0.46
1497,0.664,0.89,0.106,0.00487,0.257,0.467
1498,0.599,0.875,0.138,0.0333,0.113,0.112
1499,0.231,0.429,0.402,0.878,0.279,0.914
1500,0.811,0.769,0.228,0.0234,0.0451,0.76
1501,0.543,0.635,0.067,0.0454,0.272,0.036
1502,0.661,0.708,0.0546,0.0396,0.113,0.317
1503,0.182,0.828,0.166,0.754,0.15,0.231
1504,0.499,0.583,0.0261,0.591,0.33,0.342
1505,0.054,0.762,0.0503,0.947,0.124,0.339
1506,0.535,0.791,0.311,0.0448,0.129,0.443
1507,0.627,0.739,0.171,0.0459,0.159,0.542
1508,0.57,0.916,0.18,0.0286,0.0851,0.7
1509,0.713,0.776,0.143,0.525,0.306,0.551
1510,0.573,0.695,0.167,0.132,0.156,0.38
1511,0.552,0.784,0.0871,0.0447,0.192,0.465
1512,0.51,0.873,0.0661,0.565,0.0738,0.871
1513,0.415,0.724,0.0518,0.764,0.103,0.328
1514,0.62,0.695,0.0521,0.0881,0.111,0.62
1515,0.712,0.665,0.0527,0.00103,0.102,0.669
1516,0.841,0.591,0.0304,0.0119,0.395,0.392
1517,0.405,0.323,0.0413,0.849,0.138,0.274
1518,0.571,0.826,0.0426,0.249,0.215,0.475
1519,0.777,0.583,0.185,0.109,0.108,0.31
1520,0.648,0.748,0.0816,0.484,0.126,0.726
1521,0.8,0.499,0.0502,0.0906,0.147,0.272
1522,0.673,0.757,0.141,0.095,0.338,0.574
1523,0.479,0.886,0.334,0.077,0.135,0.408
1524,0.753,0.785,0.0873,0.188,0.265,0.488
1525,0.881,0.674,0.147,0.296,0.0793,0.234
1526,0.82,0.802,0.146,0.0579,0.149,0.613
1527,0.773,0.826,0.0524,0.323,0.143,0.761
1528,0.294,0.855,0.286,0.3,0.091,0.842
1529,0.446,0.691,0.0472,0.484,0.183,0.534
1530,0.683,0.697,0.117,0.0372,0.137,0.603
1531,0.801,0.842,0.228,0.157,0.0642,0.617
1532,0.607,0.584,0.0356,0.426,0.101,0.374
1533,0.6,0.859,0.301,0.071,0.353,0.568
1534,0.789,0.75,0.108,0.253,0.129,0.673
1535,0.594,0.643,0.0312,0.0695,0.115,0.195
1536,0.836,0.773,0.153,0.283,0.0828,0.497
1537,0.717,0.746,0.179,0.199,0.132,0.523
1538,0.0,0.0,0.0,0.0,0.0,0.0
1539,0.758,0.941,0.17,0.0256,0.193,0.683
1540,0.882,0.77,0.0602,0.194,0.316,0.385
1541,0.862,0.791,0.11,0.037,0.0814,0.592
1542,0.719,0.695,0.0903,0.227,0.0884,0.781
1543,0.459,0.619,0.0334,0.56,0.137,0.498
1544,0.676,0.594,0.344,0.135,0.163,0.472
1545,0.516,0.689,0.0444,0.513,0.163,0.209
1546,0.13,0.413,0.0336,0.9,0.111,0.0676
1547,0.73,0.826,0.0809,0.383,0.0197,0.605
1548,0.619,0.878,0.102,0.0533,0.113,0.639
1549,0.537,0.635,0.0832,0.172,0.418,0.383
1550,0.778,0.932,0.0638,0.212,0.168,0.933
1551,0.7,0.762,0.0694,0.00261,0.153,0.608
1552,0.87,0.528,0.0851,0.24,0.333,0.714
1553,0.523,0.765,0.03,0.184,0.132,0.394
1554,0.55,0.832,0.0587,0.249,0.182,0.881
1555,0.603,0.448,0.064,0.433,0.0862,0.422
